asset,signal,horizon,events,mean_fwd,mean_excess,ci_lo,ci_hi,p,first,last,bull_n,bear_n,range_n,bull_excess,bear_excess,range_excess,fdr_pass,expected_sign,right_sign,eth_excess,eth_same_sign,regimes_same_sign,survives
BTCUSDT,D1,1,10,0.015933237371866825,0.013799596176313059,-0.0014388958363720774,0.03477600609777918,0.0972,2020-09-21 00:00:00+00:00,2025-10-13 00:00:00+00:00,7,0,3,0.0005961028028996621,,0.044607747380944314,False,1.0,True,-0.007701967794464318,False,1.0,False
BTCUSDT,D1,3,10,0.01693358538830848,0.01059947281219056,-0.01788047366142024,0.038899701151212863,0.484,2020-09-21 00:00:00+00:00,2025-10-13 00:00:00+00:00,7,0,3,-0.007737267446978685,,0.05338520008358547,False,1.0,True,-0.034399728415335104,False,0.0,False
BTCUSDT,D1,7,10,0.044655744062350546,0.029149175509840954,-0.03484136818349211,0.10342425432381804,0.4456,2020-09-21 00:00:00+00:00,2025-10-13 00:00:00+00:00,7,0,3,-0.02139335128342413,,0.14708173802745947,False,1.0,True,-0.015070786843677221,False,0.0,False
BTCUSDT,D1,30,10,0.1321235597242373,0.06488149591231751,-0.03134105564294191,0.18879863763950328,0.2832,2020-09-21 00:00:00+00:00,2025-10-13 00:00:00+00:00,7,0,3,-0.0032536200567634082,,0.22386343317350632,False,1.0,True,-0.06180276152401609,False,0.0,False
BTCUSDT,D2,1,4,-0.0007817665159374765,-0.0024044179874043317,,,,2021-01-07 00:00:00+00:00,2024-03-11 00:00:00+00:00,4,0,0,-0.0024044179874043317,,,False,-1.0,True,,False,0.0,False
BTCUSDT,D2,3,4,0.05388431230896476,0.04858801269173281,,,,2021-01-07 00:00:00+00:00,2024-03-11 00:00:00+00:00,4,0,0,0.04858801269173281,,,False,-1.0,False,,False,0.0,False
BTCUSDT,D2,7,4,0.07897787100203435,0.0653534029651961,,,,2021-01-07 00:00:00+00:00,2024-03-11 00:00:00+00:00,4,0,0,0.0653534029651961,,,False,-1.0,False,,False,0.0,False
BTCUSDT,D2,30,4,0.12042856997223902,0.07117282010203824,,,,2021-01-07 00:00:00+00:00,2024-03-11 00:00:00+00:00,4,0,0,0.07117282010203824,,,False,-1.0,False,,False,0.0,False
BTCUSDT,D4,1,49,-0.016036143156049166,-0.016897269354476142,-0.03760279482197965,-0.002161741539166337,0.0132,2018-01-16 00:00:00+00:00,2026-09-15 00:00:00+00:00,15,21,11,-0.005300673534742848,-0.033822206403526144,-0.004317080052573475,False,1.0,False,-0.0156919792301457,True,3.0,False
BTCUSDT,D4,3,49,-0.012907324141913382,-0.015314085699503426,-0.040599468058759476,0.007729044509554288,0.204,2018-01-16 00:00:00+00:00,2026-09-15 00:00:00+00:00,15,21,11,0.011499668096839867,-0.03769544828126934,-0.01589913432959794,False,1.0,False,-0.021739836180541074,True,2.0,False
BTCUSDT,D4,7,49,-0.014658732950799478,-0.020427327878104667,-0.04762225604134929,0.006266287350156363,0.1344,2018-01-16 00:00:00+00:00,2026-09-15 00:00:00+00:00,15,21,11,-0.0017623632237703136,-0.04839177299293478,-6.686223584314639e-05,False,1.0,False,-0.03201527434064293,True,3.0,False
BTCUSDT,D4,30,48,-0.02363140529866596,-0.052513800860957555,-0.08228019596267458,-0.022425538277496226,0.0004,2018-01-16 00:00:00+00:00,2026-09-15 00:00:00+00:00,15,21,10,-0.04623558892025317,-0.05094385949525572,-0.06035324665742396,True,1.0,False,-0.07825426629656498,True,3.0,False
BTCUSDT,D5,1,48,0.0023655849384501943,0.0013256902311034819,-0.005225872677195338,0.008335034219620585,0.7312,2020-09-24 00:00:00+00:00,2026-06-13 00:00:00+00:00,21,12,15,-0.005040574261939439,0.018011028304682774,-0.003109809937499866,False,1.0,True,0.003369754686747582,True,1.0,False
BTCUSDT,D5,3,48,0.014244792213166844,0.011168825817785272,0.00019867857015404045,0.022201577267301965,0.0476,2020-09-24 00:00:00+00:00,2026-06-13 00:00:00+00:00,21,12,15,0.009848174749912621,0.018658856878733716,0.007025712464048233,False,1.0,True,0.00870515620799644,True,3.0,False
BTCUSDT,D5,7,48,0.011400553875962364,0.004511866050417473,-0.01355859320066558,0.024075831186355034,0.6552,2020-09-24 00:00:00+00:00,2026-06-13 00:00:00+00:00,21,12,15,0.001821033094316998,0.011790795345990791,0.002455888752499484,False,1.0,True,0.009323879214336164,True,3.0,False
BTCUSDT,D5,30,48,0.03852836121290452,0.005843121789007702,-0.05283458679830331,0.06068753307106036,0.8124,2020-09-24 00:00:00+00:00,2026-06-13 00:00:00+00:00,21,12,15,-0.017094804567125206,-0.029422146707546823,0.06616843348483738,False,1.0,True,-0.00683737450750512,False,1.0,False
BTCUSDT,D6a,1,80,0.001336666893595685,0.0004692519749180571,-0.004949347521814772,0.005953307063855471,0.8916,2021-06-09 00:00:00+00:00,2026-09-03 00:00:00+00:00,35,17,28,-0.004199776082883262,0.005513753648321157,0.0032428038883178236,False,1.0,True,-0.0010320269438818673,False,2.0,False
BTCUSDT,D6a,3,80,0.004348475002316723,0.0018395680785468216,-0.00874469398722854,0.012201064547775675,0.7468,2021-06-09 00:00:00+00:00,2026-09-03 00:00:00+00:00,35,17,28,-0.0024259416071708492,0.002900566190408628,0.006527277760634957,False,1.0,True,0.009169526426834234,True,2.0,False
BTCUSDT,D6a,7,80,0.008347794121493866,0.0025032141917590554,-0.01816691899296104,0.022583547195962443,0.8076,2021-06-09 00:00:00+00:00,2026-09-03 00:00:00+00:00,35,17,28,-0.0011891377154647706,-0.032503680089090256,0.028372839889161623,False,1.0,True,0.022469805842549845,True,1.0,False
BTCUSDT,D6a,30,79,0.053462987051051215,0.02719148475725795,-0.012818731701136057,0.06962234036398209,0.1956,2021-06-09 00:00:00+00:00,2026-09-03 00:00:00+00:00,35,17,27,0.005529635900723512,-0.05097747198915092,0.10448915048568966,False,1.0,True,0.048459363921811084,True,2.0,False
BTCUSDT,D6b,1,38,-0.01330481770333816,-0.013820320687842023,-0.026484731790694355,-0.0027330636301226797,0.012,2021-02-26 00:00:00+00:00,2026-06-24 00:00:00+00:00,20,8,10,-0.013150109868749102,-0.02255077413784305,-0.008176379566027046,False,-1.0,True,0.0058252132458865066,False,3.0,False
BTCUSDT,D6b,3,38,-0.006711469686147395,-0.008212681107009026,-0.027263369872124632,0.008877768384764647,0.3896,2021-02-26 00:00:00+00:00,2026-06-24 00:00:00+00:00,20,8,10,-0.006301775740949453,-0.019437081285937057,-0.0030549716959857387,False,-1.0,True,-0.0005428751613989355,True,3.0,False
BTCUSDT,D6b,7,38,-0.012645081455779373,-0.01588232622815627,-0.04288982088154685,0.010095388026402368,0.2312,2021-02-26 00:00:00+00:00,2026-06-24 00:00:00+00:00,20,8,10,-0.019713336969354376,0.0006486476234340288,-0.02144508382703229,False,-1.0,True,-0.007434471041581118,True,2.0,False
BTCUSDT,D6b,30,38,-0.04584770388512282,-0.060985608933168824,-0.13424425289676756,0.01569642095818223,0.1212,2021-02-26 00:00:00+00:00,2026-06-24 00:00:00+00:00,20,8,10,-0.03628754285927396,-0.0301520363522491,-0.13504859914569436,False,-1.0,True,-0.02246805484781976,True,3.0,False
BTCUSDT,D3,1,32,-0.005084856101180105,-0.00626932945029989,-0.018220001280074914,0.006475060746662503,0.3268,2020-11-26 00:00:00+00:00,2026-06-20 00:00:00+00:00,22,7,3,-0.01016042052123185,-0.009523235541524505,0.02985778594939191,False,1.0,False,0.004822543520492911,False,2.0,False
BTCUSDT,D3,3,32,-0.013928453943165567,-0.01742337215497949,-0.035213760254256106,-0.002132560634003395,0.0232,2020-11-26 00:00:00+00:00,2026-06-20 00:00:00+00:00,22,7,3,-0.01798333599448802,-0.02379325124804026,0.0015460805518915206,False,1.0,False,-0.005537317632057497,True,2.0,False
BTCUSDT,D3,7,32,-0.003906972766314576,-0.012070175693967372,-0.041331025709354235,0.01580447453069115,0.4108,2020-11-26 00:00:00+00:00,2026-06-20 00:00:00+00:00,22,7,3,-0.003574210732576166,-0.06937663633998248,0.05934115609653237,False,1.0,False,-0.0037839324456442475,True,2.0,False
BTCUSDT,D3,30,32,0.014197973642078122,-0.021212087341556274,-0.08231560470866654,0.061109722222695124,0.5528,2020-11-26 00:00:00+00:00,2026-06-20 00:00:00+00:00,22,7,3,-0.015287117446368126,-0.06105329801615096,0.028300958334451547,False,1.0,False,-0.024151487828296302,True,2.0,False
ETHUSDT,D1,1,16,-0.004914322605104368,-0.007701967794464318,-0.03612849417874455,0.01875781412315956,0.5744,2020-09-12 00:00:00+00:00,2026-09-17 00:00:00+00:00,9,0,7,-0.012928318612019922,,-0.0009823738861785439,,,,,,,
ETHUSDT,D1,3,16,-0.02642265904576646,-0.034399728415335104,-0.07736950910437483,0.0020746175921578926,0.0672,2020-09-12 00:00:00+00:00,2026-09-17 00:00:00+00:00,9,0,7,-0.044871154486325816,,-0.020936466324061327,,,,,,,
ETHUSDT,D1,7,16,0.005003510384780592,-0.015070786843677221,-0.044570673746120414,0.013254746248074701,0.3036,2020-09-12 00:00:00+00:00,2026-09-17 00:00:00+00:00,9,0,7,-0.03348711618204611,,0.008607350877082772,,,,,,,
ETHUSDT,D1,30,15,0.02338735271431358,-0.06180276152401609,-0.16059987757452962,0.04804513591666739,0.256,2020-09-12 00:00:00+00:00,2026-09-17 00:00:00+00:00,9,0,6,-0.11701161108503899,,0.021010512817518246,,,,,,,
ETHUSDT,D2,1,0,,,,,,,,0,0,0,,,,,,,,,,
ETHUSDT,D2,3,0,,,,,,,,0,0,0,,,,,,,,,,
ETHUSDT,D2,7,0,,,,,,,,0,0,0,,,,,,,,,,
ETHUSDT,D2,30,0,,,,,,,,0,0,0,,,,,,,,,,
ETHUSDT,D4,1,52,-0.014356797472145584,-0.0156919792301457,-0.028894002930700272,-0.004078450468092638,0.0064,2017-10-23 00:00:00+00:00,2026-06-01 00:00:00+00:00,22,18,10,-0.016106318064194425,-0.019163412902349023,-0.010748866482351483,,,,,,,
ETHUSDT,D4,3,52,-0.01796071995169564,-0.021739836180541074,-0.041432113627887804,-0.0021821149186435633,0.028,2017-10-23 00:00:00+00:00,2026-06-01 00:00:00+00:00,22,18,10,-0.02736562784282336,-0.02337807083695949,-0.010567571586586524,,,,,,,
ETHUSDT,D4,7,52,-0.02281841441252956,-0.03201527434064293,-0.06322713397032023,0.00012148323386301226,0.0508,2017-10-23 00:00:00+00:00,2026-06-01 00:00:00+00:00,22,18,10,-0.029355019528579232,-0.06567347982692988,0.026958310214258863,,,,,,,
ETHUSDT,D4,30,52,-0.029619566774559663,-0.07825426629656498,-0.14245368455360147,-0.003275998803060784,0.0432,2017-10-23 00:00:00+00:00,2026-06-01 00:00:00+00:00,22,18,10,-0.0970769673195249,-0.08004483964891917,-0.02855633569270647,,,,,,,
ETHUSDT,D5,1,56,0.004232125680304603,0.003369754686747582,-0.0071161205878268316,0.014408376564235954,0.5468,2020-09-03 00:00:00+00:00,2026-08-30 00:00:00+00:00,18,20,18,0.003292256518709958,0.0022472122124164314,0.004694522270708707,,,,,,,
ETHUSDT,D5,3,56,0.01151319183688265,0.00870515620799644,-0.011974442645160868,0.028238112729456664,0.3888,2020-09-03 00:00:00+00:00,2026-08-30 00:00:00+00:00,18,20,18,0.02708563618917377,-0.02197121567734529,0.024409533877198804,,,,,,,
ETHUSDT,D5,7,56,0.015232496566069625,0.009323879214336164,-0.022723246079735034,0.04167903209764762,0.5432,2020-09-03 00:00:00+00:00,2026-08-30 00:00:00+00:00,18,20,18,-0.003856392491879312,-0.008494909700151126,0.04230280526998195,,,,,,,
ETHUSDT,D5,30,56,0.026505753007279313,-0.00683737450750512,-0.07989545960865532,0.07841117134790165,0.8244,2020-09-03 00:00:00+00:00,2026-08-30 00:00:00+00:00,18,20,18,-0.043189991384897757,0.005210494292670838,0.016128721480803146,,,,,,,
ETHUSDT,D6a,1,21,-9.919862149789687e-05,-0.0010320269438818673,-0.015217562591457854,0.013922430167554919,0.8764,2022-06-19 00:00:00+00:00,2026-03-16 00:00:00+00:00,4,12,5,-0.024819906408415804,-0.004597019881555665,0.0265542596781624,,,,,,,
ETHUSDT,D6a,3,21,0.0122516986532863,0.009169526426834234,-0.019562650688709927,0.038003546239105644,0.5304,2022-06-19 00:00:00+00:00,2026-03-16 00:00:00+00:00,4,12,5,-0.020458196335027864,0.009626775135035895,0.03177430773663994,,,,,,,
ETHUSDT,D6a,7,21,0.02902471185991222,0.022469805842549845,-0.02693539439447998,0.07723782904788144,0.3956,2022-06-19 00:00:00+00:00,2026-03-16 00:00:00+00:00,4,12,5,-0.019211560520761187,0.013079227652621622,0.0783522865890264,,,,,,,
ETHUSDT,D6a,30,21,0.07985912298929541,0.048459363921811084,-0.07188808180693174,0.1674674050785184,0.4196,2022-06-19 00:00:00+00:00,2026-03-16 00:00:00+00:00,4,12,5,-0.06912516945138952,0.0546635276258004,0.12763699773079723,,,,,,,
ETHUSDT,D6b,1,51,0.006963820215982604,0.0058252132458865066,-0.006563902384097035,0.019150309059203757,0.3744,2022-10-02 00:00:00+00:00,2026-01-25 00:00:00+00:00,37,2,12,0.007372343429913569,0.013861375811577481,-0.00028446524914543916,,,,,,,
ETHUSDT,D6b,3,51,0.003067108193855997,-0.0005428751613989355,-0.016437273651694274,0.016358480959431647,0.94,2022-10-02 00:00:00+00:00,2026-01-25 00:00:00+00:00,37,2,12,-0.004319351450197496,0.024972740338837715,0.006848657479023852,,,,,,,
ETHUSDT,D6b,7,51,0.00013377920017768107,-0.007434471041581118,-0.034079311718012845,0.020263319031410352,0.6048,2022-10-02 00:00:00+00:00,2026-01-25 00:00:00+00:00,37,2,12,-0.018496382271681388,0.028937410163208596,0.020611108383763083,,,,,,,
ETHUSDT,D6b,30,51,0.005654816900867452,-0.02246805484781976,-0.09718096470829629,0.052830974594745894,0.5704,2022-10-02 00:00:00+00:00,2026-01-25 00:00:00+00:00,37,2,12,-0.06620057435152207,0.027314984508943374,0.10407670706246852,,,,,,,
ETHUSDT,D3,1,28,0.005372610141159909,0.004822543520492911,-0.009486506349487032,0.01916005557564842,0.4852,2022-01-24 00:00:00+00:00,2026-02-07 00:00:00+00:00,16,2,10,0.0013581958030970875,0.01263308304763458,0.008803391962897894,,,,,,,
ETHUSDT,D3,3,28,-0.003957202181351942,-0.005537317632057497,-0.02310662093849444,0.012988840525425777,0.5496,2022-01-24 00:00:00+00:00,2026-02-07 00:00:00+00:00,16,2,10,-0.008658157704594382,0.004720280571922156,-0.0025954931567944125,,,,,,,
ETHUSDT,D3,7,28,-0.00015147043499156538,-0.0037839324456442475,-0.042913936775324055,0.03085851307833871,0.8544,2022-01-24 00:00:00+00:00,2026-02-07 00:00:00+00:00,16,2,10,0.010144559163378608,-0.15076661574883476,0.003327017640557281,,,,,,,
ETHUSDT,D3,30,28,-0.009243886696058853,-0.024151487828296302,-0.08372127499734196,0.041928111197246445,0.4896,2022-01-24 00:00:00+00:00,2026-02-07 00:00:00+00:00,16,2,10,-0.060815340116753595,-0.1799544444794977,0.06567126716347566,,,,,,,
