setup,exec,entry,exit,stop,scenario,trades,expectancy,pf,months_up,max_dd
T1,E1/X1/S-a,E1,X1,S-a,C0,249,-0.05221504970366086,0.928172483635415,0.4909090909090909,0.38145160506126075
T1,E1/X1/S-a,E1,X1,S-a,C1,249,0.031834446344314773,1.0450565060749724,0.5454545454545454,0.33690128720294754
T1,E1/X1/S-a,E1,X1,S-a,C2,249,0.011497028767577334,1.0162719715151405,0.509090909090909,0.34840291902529874
T1,E1/X1/S-b,E1,X1,S-b,C0,338,-0.197861982962928,0.7396079321315625,0.4074074074074074,0.6557274957518013
T1,E1/X1/S-b,E1,X1,S-b,C1,369,-0.13268863100553036,0.819266626731399,0.4444444444444444,0.5505111061900732
T1,E1/X1/S-b,E1,X1,S-b,C2,369,-0.14636770726049736,0.8006360940491047,0.4444444444444444,0.5818660880702977
T1,E1/X2/S-a,E1,X2,S-a,C0,242,-0.04977450201173021,0.9107036009498587,0.5370370370370371,0.28009643384358796
T1,E1/X2/S-a,E1,X2,S-a,C1,242,0.0326051743531956,1.060967350195044,0.5925925925925926,0.17575931550854307
T1,E1/X2/S-a,E1,X2,S-a,C2,242,0.015866532656174274,1.029608575570654,0.5555555555555556,0.18447927488471072
T1,E1/X2/S-b,E1,X2,S-b,C0,400,-0.17553955356298453,0.7082551761186222,0.4,0.6468513541316984
T1,E1/X2/S-b,E1,X2,S-b,C1,405,-0.11269524537561319,0.8069210667084618,0.4444444444444444,0.5059877003001954
T1,E1/X2/S-b,E1,X2,S-b,C2,405,-0.12565301663770348,0.7850567378194222,0.42592592592592593,0.5399788256012754
T1,E1/X3/S-a,E1,X3,S-a,C0,276,-0.07300833450094715,0.8554556045150143,0.42592592592592593,0.2809890647876002
T1,E1/X3/S-a,E1,X3,S-a,C1,276,0.008517748958722093,1.0174201288094833,0.5925925925925926,0.152181811734868
T1,E1/X3/S-a,E1,X3,S-a,C2,276,-0.009343642056073128,0.9808923409421665,0.5740740740740741,0.1626401118221381
T1,E1/X3/S-b,E1,X3,S-b,C0,303,-0.08558900185795773,0.828608095056314,0.47058823529411764,0.3953399604492269
T1,E1/X3/S-b,E1,X3,S-b,C1,303,-0.0265249031635187,0.9457069706021759,0.5098039215686274,0.3077163574261427
T1,E1/X3/S-b,E1,X3,S-b,C2,303,-0.039491331601767946,0.9191748839268362,0.5098039215686274,0.3283474268797614
T1,E2/X1/S-a,E2,X1,S-a,C0,244,-0.05232923647707606,0.9265893990814947,0.5370370370370371,0.3463500354296909
T1,E2/X1/S-a,E2,X1,S-a,C1,244,0.02887327411888654,1.041821251881983,0.5740740740740741,0.27556080037003094
T1,E2/X1/S-a,E2,X1,S-a,C2,244,0.008938650750930763,1.0129494844351454,0.5740740740740741,0.2823515303350532
T1,E2/X1/S-b,E2,X1,S-b,C0,321,-0.09940628088332289,0.8571685772255078,0.42592592592592593,0.4696317758789499
T1,E2/X1/S-b,E2,X1,S-b,C1,314,-0.05429296863491801,0.9209355721099115,0.4444444444444444,0.3931936454606678
T1,E2/X1/S-b,E2,X1,S-b,C2,314,-0.06785935359226233,0.9011753869702354,0.4444444444444444,0.41307711508345013
T1,E2/X2/S-a,E2,X2,S-a,C0,246,-0.051003569974490084,0.9057214081622857,0.5,0.18199257410801783
T1,E2/X2/S-a,E2,X2,S-a,C1,246,0.030538441407766383,1.0589462817472917,0.6111111111111112,0.12218663964282772
T1,E2/X2/S-a,E2,X2,S-a,C2,246,0.014366175499331817,1.0276802482525569,0.5740740740740741,0.12614225172507632
T1,E2/X2/S-b,E2,X2,S-b,C0,362,-0.1544417672434588,0.7325413429930828,0.46153846153846156,0.558074036823578
T1,E2/X2/S-b,E2,X2,S-b,C1,362,-0.09271564637602285,0.8335760318173875,0.5384615384615384,0.4374494460285646
T1,E2/X2/S-b,E2,X2,S-b,C2,362,-0.10425649999415816,0.8131603502460275,0.5384615384615384,0.45963104025138524
T1,E2/X3/S-a,E2,X3,S-a,C0,272,-0.07165808151085172,0.8541313080793724,0.4074074074074074,0.23829287356960616
T1,E2/X3/S-a,E2,X3,S-a,C1,272,0.008377277231907605,1.0176595857661153,0.5555555555555556,0.1437132600999711
T1,E2/X3/S-a,E2,X3,S-a,C2,272,-0.008740584127822333,0.9815829215265159,0.5555555555555556,0.1573663815898323
T1,E2/X3/S-b,E2,X3,S-b,C0,295,-0.06395891791453254,0.8682262955288647,0.49019607843137253,0.36029882620502185
T1,E2/X3/S-b,E2,X3,S-b,C1,331,-0.01883002969905773,0.9595568839728572,0.5098039215686274,0.2790618735066849
T1,E2/X3/S-b,E2,X3,S-b,C2,295,-0.01825003420026019,0.9615628018446443,0.5098039215686274,0.2943182174854406
T1,E3/X1/S-a,E3,X1,S-a,C0,279,-0.127469754678889,0.8045388663498745,0.4642857142857143,0.4586124618482337
T1,E3/X1/S-a,E3,X1,S-a,C1,281,-0.019537072479830976,0.9690029627040366,0.5178571428571429,0.2744095075086057
T1,E3/X1/S-a,E3,X1,S-a,C2,279,-0.059593537258454954,0.9051724099363767,0.48214285714285715,0.35082740525128087
T1,E3/X1/S-b,E3,X1,S-b,C0,330,-0.19484568344202802,0.7003899223981714,0.4074074074074074,0.6117764796631944
T1,E3/X1/S-b,E3,X1,S-b,C1,426,-0.1308831444089781,0.7937405967040814,0.42857142857142855,0.5516047829165316
T1,E3/X1/S-b,E3,X1,S-b,C2,405,-0.14548171662137388,0.7702535692828123,0.44642857142857145,0.5866072755497295
T1,E3/X2/S-a,E3,X2,S-a,C0,263,-0.13895824090654552,0.6902700371128065,0.35185185185185186,0.37311741480662686
T1,E3/X2/S-a,E3,X2,S-a,C1,276,-0.08855814033350952,0.7971634174402087,0.4339622641509434,0.24810957268978995
T1,E3/X2/S-a,E3,X2,S-a,C2,276,-0.10265291539077577,0.765108098601795,0.41509433962264153,0.2819418248212424
T1,E3/X2/S-b,E3,X2,S-b,C0,439,-0.21084001450059048,0.5757199574246846,0.3090909090909091,0.6915916284223351
T1,E3/X2/S-b,E3,X2,S-b,C1,439,-0.14786877455452052,0.6885782876027684,0.38181818181818183,0.5558953725446281
T1,E3/X2/S-b,E3,X2,S-b,C2,439,-0.15795722674509907,0.6678959195408971,0.38181818181818183,0.5865910559728151
T1,E3/X3/S-a,E3,X3,S-a,C0,289,-0.1640942928174336,0.6177042381204445,0.32727272727272727,0.4148437821137101
T1,E3/X3/S-a,E3,X3,S-a,C1,306,-0.10709181105309233,0.745057497387938,0.39285714285714285,0.3209307328842521
T1,E3/X3/S-a,E3,X3,S-a,C2,306,-0.12217689466893965,0.7093213233211058,0.39285714285714285,0.35332721662183353
T1,E3/X3/S-b,E3,X3,S-b,C0,289,-0.141680433030528,0.6493294804147975,0.3333333333333333,0.40693197246234813
T1,E3/X3/S-b,E3,X3,S-b,C1,336,-0.13424949662478408,0.6777709048927215,0.3584905660377358,0.41639831841150443
T1,E3/X3/S-b,E3,X3,S-b,C2,304,-0.11185448957525494,0.7166950817009072,0.38461538461538464,0.3462854887129325
T1b,E1/X1/S-a,E1,X1,S-a,C0,237,-0.17925379272206265,0.7361913917671965,0.3392857142857143,0.38393063773102476
T1b,E1/X1/S-a,E1,X1,S-a,C1,266,-0.11032808579853871,0.8341733747900754,0.44642857142857145,0.30094521093777216
T1b,E1/X1/S-a,E1,X1,S-a,C2,237,-0.10022541814248664,0.8467287586566842,0.39285714285714285,0.2666140638216489
T1b,E1/X1/S-b,E1,X1,S-b,C0,302,-0.21122412690200684,0.6858922789150689,0.39285714285714285,0.5530412661657913
T1b,E1/X1/S-b,E1,X1,S-b,C1,360,-0.13311269260558012,0.7934107622777555,0.44642857142857145,0.4260103596339515
T1b,E1/X1/S-b,E1,X1,S-b,C2,360,-0.14808875182321818,0.7701691499578672,0.42857142857142855,0.47422406743212786
T1b,E1/X2/S-a,E1,X2,S-a,C0,386,-0.2669938646443994,0.5668696253323449,0.30357142857142855,0.6519384760645129
T1b,E1/X2/S-a,E1,X2,S-a,C1,386,-0.1570323914579196,0.7294886250009062,0.39285714285714285,0.43261142250573437
T1b,E1/X2/S-a,E1,X2,S-a,C2,386,-0.17684195734759228,0.6960421873482092,0.39285714285714285,0.48513576307036166
T1b,E1/X2/S-b,E1,X2,S-b,C0,419,-0.22984905759393262,0.6119869616215315,0.30357142857142855,0.6633935677241222
T1b,E1/X2/S-b,E1,X2,S-b,C1,445,-0.1426518163111674,0.7472091846016953,0.35714285714285715,0.5061783499349841
T1b,E1/X2/S-b,E1,X2,S-b,C2,445,-0.16004029023306995,0.7171578099964203,0.35714285714285715,0.5566552672666374
T1b,E1/X3/S-a,E1,X3,S-a,C0,205,-0.17192924705174623,0.6907134603617847,0.39285714285714285,0.3646675310396228
T1b,E1/X3/S-a,E1,X3,S-a,C1,205,-0.08719791697822564,0.8374732465835633,0.5178571428571429,0.2686103066778537
T1b,E1/X3/S-a,E1,X3,S-a,C2,205,-0.10471391146473075,0.8048424684319095,0.5178571428571429,0.2756336831681079
T1b,E1/X3/S-b,E1,X3,S-b,C0,323,-0.0866369911858945,0.8215986120469678,0.4642857142857143,0.2846048846187268
T1b,E1/X3/S-b,E1,X3,S-b,C1,323,-8.964820116926439e-05,0.9998082747786632,0.5714285714285714,0.1403275199052213
T1b,E1/X3/S-b,E1,X3,S-b,C2,323,-0.018709758976401168,0.9600161550669111,0.5178571428571429,0.1584220528158341
T1b,E2/X1/S-a,E2,X1,S-a,C0,235,-0.17047010005683885,0.7397605967192835,0.35714285714285715,0.33505089706242475
T1b,E2/X1/S-a,E2,X1,S-a,C1,264,-0.1140725944512183,0.8235820598471126,0.4107142857142857,0.25113689713139686
T1b,E2/X1/S-a,E2,X1,S-a,C2,235,-0.09348934621504248,0.8512283695151908,0.39285714285714285,0.2031056151173044
T1b,E2/X1/S-b,E2,X1,S-b,C0,365,-0.1746622080116017,0.720972154370328,0.30357142857142855,0.5284709481047447
T1b,E2/X1/S-b,E2,X1,S-b,C1,439,-0.06446741810155819,0.8916638701134462,0.4107142857142857,0.28770832283301595
T1b,E2/X1/S-b,E2,X1,S-b,C2,406,-0.0995904150215476,0.8365370661561623,0.375,0.38222158164723097
T1b,E2/X2/S-a,E2,X2,S-a,C0,282,-0.25343119742838616,0.5661058403704468,0.2807017543859649,0.5305260051458931
T1b,E2/X2/S-a,E2,X2,S-a,C1,282,-0.16074535404957582,0.7091934791828783,0.3157894736842105,0.37647697449677986
T1b,E2/X2/S-a,E2,X2,S-a,C2,282,-0.17666469080241237,0.6809505254336686,0.2982456140350877,0.40943192845253595
T1b,E2/X2/S-b,E2,X2,S-b,C0,481,-0.19234829786564547,0.625851937869543,0.30357142857142855,0.6036152768406956
T1b,E2/X2/S-b,E2,X2,S-b,C1,501,-0.08904401579078651,0.8163528533014984,0.42857142857142855,0.3654246166330468
T1b,E2/X2/S-b,E2,X2,S-b,C2,501,-0.1055938171557595,0.782788203521852,0.375,0.4250235445267422
T1b,E2/X3/S-a,E2,X3,S-a,C0,210,-0.17779030525880415,0.6528682551432579,0.2807017543859649,0.3805638598632456
T1b,E2/X3/S-a,E2,X3,S-a,C1,210,-0.09327943082422886,0.8096005048753327,0.38596491228070173,0.2546921170024359
T1b,E2/X3/S-a,E2,X3,S-a,C2,210,-0.11002674069909023,0.775642254801713,0.38596491228070173,0.28568329983921137
T1b,E2/X3/S-b,E2,X3,S-b,C0,335,-0.07911057235092145,0.8199440381339106,0.49122807017543857,0.2433423423999247
T1b,E2/X3/S-b,E2,X3,S-b,C1,363,-0.01783706516133979,0.9579957725693727,0.5263157894736842,0.13593383310820606
T1b,E2/X3/S-b,E2,X3,S-b,C2,363,-0.03432754473137637,0.919208237479053,0.49122807017543857,0.1427647759967593
T1b,E3/X1/S-a,E3,X1,S-a,C0,177,-0.1298671576612954,0.7800143351374096,0.3684210526315789,0.18188570978924956
T1b,E3/X1/S-a,E3,X1,S-a,C1,177,-0.04577216505918308,0.9192719055001624,0.42105263157894735,0.13112191340312285
T1b,E3/X1/S-a,E3,X1,S-a,C2,177,-0.06345469310487106,0.887906400489451,0.42105263157894735,0.13408164412665702
T1b,E3/X1/S-b,E3,X1,S-b,C0,333,-0.26177968764421966,0.5751101666173736,0.2631578947368421,0.6097013523900465
T1b,E3/X1/S-b,E3,X1,S-b,C1,366,-0.16012660563973807,0.7241194465790496,0.3157894736842105,0.4047559677372261
T1b,E3/X1/S-b,E3,X1,S-b,C2,366,-0.17400809424669147,0.6999839566456423,0.2982456140350877,0.45247417319305716
T1b,E3/X2/S-a,E3,X2,S-a,C0,245,-0.23568785337483064,0.5215589657605104,0.2982456140350877,0.43633586833058013
T1b,E3/X2/S-a,E3,X2,S-a,C1,245,-0.1483360305844742,0.6796547507718402,0.3684210526315789,0.2834294601083921
T1b,E3/X2/S-a,E3,X2,S-a,C2,245,-0.16156421561984152,0.651423254426565,0.3684210526315789,0.31802461896940504
T1b,E3/X2/S-b,E3,X2,S-b,C0,424,-0.2296492079736983,0.5446780608315601,0.2631578947368421,0.640862677151967
T1b,E3/X2/S-b,E3,X2,S-b,C1,445,-0.13470258162238405,0.7146712896755308,0.3684210526315789,0.4382453526302351
T1b,E3/X2/S-b,E3,X2,S-b,C2,445,-0.14894437426018783,0.6849874682095669,0.3508771929824561,0.4864921756224563
T1b,E3/X3/S-a,E3,X3,S-a,C0,206,-0.21644953666516414,0.5410249269319649,0.3157894736842105,0.3755626435709891
T1b,E3/X3/S-a,E3,X3,S-a,C1,329,-0.16732898251190953,0.605824688688425,0.3684210526315789,0.3571449441605524
T1b,E3/X3/S-a,E3,X3,S-a,C2,329,-0.1821935505888503,0.5713042146273895,0.3508771929824561,0.39976520047320263
T1b,E3/X3/S-b,E3,X3,S-b,C0,251,-0.11618499266128304,0.6998231332202638,0.42105263157894735,0.3401500852138669
T1b,E3/X3/S-b,E3,X3,S-b,C1,339,-0.12442486152958782,0.7110684456839781,0.38596491228070173,0.38499539090578516
T1b,E3/X3/S-b,E3,X3,S-b,C2,306,-0.10103938454190883,0.7492109970786496,0.43859649122807015,0.3247485545761787
T3,E1/X1/S-a,E1,X1,S-a,C0,237,-0.16478263965804493,0.7525381894762337,0.4,0.4906824409798738
T3,E1/X1/S-a,E1,X1,S-a,C1,290,-0.060857289121838305,0.9052172188750727,0.48214285714285715,0.4240007110669204
T3,E1/X1/S-a,E1,X1,S-a,C2,262,-0.09991929122036607,0.8461930371866354,0.4107142857142857,0.4740679625393921
T3,E1/X1/S-b,E1,X1,S-b,C0,296,-0.16568728596271162,0.7521867855896284,0.35714285714285715,0.509750868283688
T3,E1/X1/S-b,E1,X1,S-b,C1,330,-0.0879526434506677,0.8650949349408038,0.42105263157894735,0.4344070307571388
T3,E1/X1/S-b,E1,X1,S-b,C2,330,-0.10769057436659789,0.8348192868996029,0.40350877192982454,0.46759761413176026
T3,E1/X2/S-a,E1,X2,S-a,C0,253,-0.2933152696727469,0.5430912320075092,0.33962264150943394,0.585075783282561
T3,E1/X2/S-a,E1,X2,S-a,C1,313,-0.18698777704204358,0.6872745793277623,0.39622641509433965,0.5330840116800708
T3,E1/X2/S-a,E1,X2,S-a,C2,288,-0.24140297983977582,0.6113682576694068,0.3584905660377358,0.5921915422907038
T3,E1/X2/S-b,E1,X2,S-b,C0,284,-0.27457904871595246,0.5589087434209961,0.37735849056603776,0.5990937916654906
T3,E1/X2/S-b,E1,X2,S-b,C1,294,-0.16983510990818024,0.7056234839496188,0.42592592592592593,0.48431385521144943
T3,E1/X2/S-b,E1,X2,S-b,C2,294,-0.1867312330697717,0.6771550294067135,0.42592592592592593,0.5091678303499941
T3,E1/X3/S-a,E1,X3,S-a,C0,326,-0.2893546098298492,0.5071517847459059,0.3090909090909091,0.6763805140347758
T3,E1/X3/S-a,E1,X3,S-a,C1,326,-0.19159780190152823,0.656340238712081,0.36363636363636365,0.5580612502529101
T3,E1/X3/S-a,E1,X3,S-a,C2,326,-0.21067499157315328,0.6225915951379823,0.34545454545454546,0.5865194349109897
T3,E1/X3/S-b,E1,X3,S-b,C0,235,-0.2039404258609527,0.6259314801017035,0.32727272727272727,0.49389145226718567
T3,E1/X3/S-b,E1,X3,S-b,C1,350,-0.16900318106961384,0.6875235928010678,0.36363636363636365,0.4982353625574052
T3,E1/X3/S-b,E1,X3,S-b,C2,350,-0.18941232809702435,0.6504192583617165,0.34545454545454546,0.5434483734792159
T3,E2/X1/S-a,E2,X1,S-a,C0,366,-0.17872740932168074,0.6855445765695694,0.3392857142857143,0.5858058587887831
T3,E2/X1/S-a,E2,X1,S-a,C1,366,-0.08333925825718627,0.8476059442620556,0.5,0.45503121123918766
T3,E2/X1/S-a,E2,X1,S-a,C2,366,-0.10145101728000808,0.8143155716579888,0.5,0.48492231443775025
T3,E2/X1/S-b,E2,X1,S-b,C0,345,-0.1685435952684374,0.7018342616962374,0.3333333333333333,0.5501828591814177
T3,E2/X1/S-b,E2,X1,S-b,C1,394,-0.08880303702022385,0.8375377103280053,0.40350877192982454,0.46892302221225823
T3,E2/X1/S-b,E2,X1,S-b,C2,389,-0.10066730103827236,0.8145288528498952,0.42105263157894735,0.48466537428066336
T3,E2/X2/S-a,E2,X2,S-a,C0,333,-0.19637595157007368,0.5837714397779761,0.37037037037037035,0.5177399162473999
T3,E2/X2/S-a,E2,X2,S-a,C1,333,-0.10130182669679498,0.7709317307963719,0.46296296296296297,0.3700631994109841
T3,E2/X2/S-a,E2,X2,S-a,C2,333,-0.11629674044308914,0.7373034470792122,0.4074074074074074,0.3976182196538389
T3,E2/X2/S-b,E2,X2,S-b,C0,285,-0.19048255656969654,0.6239638726486142,0.3333333333333333,0.5074516714344597
T3,E2/X2/S-b,E2,X2,S-b,C1,369,-0.07222393822513495,0.8355960621155858,0.4444444444444444,0.3389707344374536
T3,E2/X2/S-b,E2,X2,S-b,C2,369,-0.08668624676919591,0.802756761973,0.42592592592592593,0.3681448888415786
T3,E2/X3/S-a,E2,X3,S-a,C0,326,-0.24635763694498988,0.45972201290787923,0.2857142857142857,0.591379772167622
T3,E2/X3/S-a,E2,X3,S-a,C1,447,-0.14858452992813448,0.6343087274308952,0.32142857142857145,0.4652113857071142
T3,E2/X3/S-a,E2,X3,S-a,C2,381,-0.20205987227700398,0.5340961511766352,0.26785714285714285,0.5646223960957637
T3,E2/X3/S-b,E2,X3,S-b,C0,363,-0.20277854427714692,0.5635317021485738,0.2857142857142857,0.5738891092173448
T3,E2/X3/S-b,E2,X3,S-b,C1,451,-0.13594142558621877,0.679342756832031,0.3392857142857143,0.44281798110739545
T3,E2/X3/S-b,E2,X3,S-b,C2,451,-0.15044873440067902,0.6449511309627478,0.3392857142857143,0.49200217685399505
T3,E3/X1/S-a,E3,X1,S-a,C0,333,-0.21292557302593465,0.6317990691898948,0.375,0.5929596274171256
T3,E3/X1/S-a,E3,X1,S-a,C1,424,-0.10466320815904535,0.8070949626764691,0.4642857142857143,0.5184047881658405
T3,E3/X1/S-a,E3,X1,S-a,C2,424,-0.1225580829427623,0.7739766923280418,0.4642857142857143,0.5505821781115976
T3,E3/X1/S-b,E3,X1,S-b,C0,364,-0.166336677152102,0.6995237357696452,0.35714285714285715,0.5661199850528607
T3,E3/X1/S-b,E3,X1,S-b,C1,369,-0.07702125607901492,0.8554424089806977,0.43859649122807015,0.45126002560312195
T3,E3/X1/S-b,E3,X1,S-b,C2,369,-0.0943618792834592,0.8227816468045043,0.42105263157894735,0.481467535887246
T3,E3/X2/S-a,E3,X2,S-a,C0,336,-0.1895789073210633,0.593287465977358,0.37037037037037035,0.5041703228527679
T3,E3/X2/S-a,E3,X2,S-a,C1,336,-0.08769777063733192,0.7992819399663754,0.42592592592592593,0.3312068933786654
T3,E3/X2/S-a,E3,X2,S-a,C2,336,-0.10453627981794777,0.7612094707540747,0.42592592592592593,0.3625773281986989
T3,E3/X2/S-b,E3,X2,S-b,C0,334,-0.17510250975272912,0.6277198148754877,0.37037037037037035,0.4793991490229639
T3,E3/X2/S-b,E3,X2,S-b,C1,435,-0.12456341253461364,0.7332636206201599,0.3888888888888889,0.4354247394993136
T3,E3/X2/S-b,E3,X2,S-b,C2,435,-0.13988320842575733,0.7008986425857893,0.37037037037037035,0.4838461350901362
T3,E3/X3/S-a,E3,X3,S-a,C0,299,-0.19624970565939356,0.552271004218508,0.36363636363636365,0.492559444355374
T3,E3/X3/S-a,E3,X3,S-a,C1,325,-0.13481692399821818,0.6822927523920034,0.35714285714285715,0.42012881872072216
T3,E3/X3/S-a,E3,X3,S-a,C2,299,-0.12388573447746788,0.7004062542893862,0.36363636363636365,0.38130808997545973
T3,E3/X3/S-b,E3,X3,S-b,C0,375,-0.2737934867157089,0.4468598523375774,0.26785714285714285,0.6724977681248467
T3,E3/X3/S-b,E3,X3,S-b,C1,419,-0.17809457078753504,0.6084740429582469,0.32142857142857145,0.5434718271675277
T3,E3/X3/S-b,E3,X3,S-b,C2,381,-0.21105255647403842,0.5516191084096589,0.30357142857142855,0.5889971302709465
T4,E1/X1/S-a,E1,X1,S-a,C0,267,-0.35234370113438795,0.40587319890432033,0.22807017543859648,0.532677192893438
T4,E1/X1/S-a,E1,X1,S-a,C1,267,-0.21948995542775054,0.5978430554993528,0.3508771929824561,0.34638545372012686
T4,E1/X1/S-a,E1,X1,S-a,C2,267,-0.23533824963685449,0.5685837598023575,0.3508771929824561,0.38499298682835936
T4,E1/X1/S-b,E1,X1,S-b,C0,267,-0.3315889924075933,0.38473328453051614,0.2807017543859649,0.5806010806497993
T4,E1/X1/S-b,E1,X1,S-b,C1,267,-0.218355987742288,0.561612661115537,0.2982456140350877,0.41961665739511445
T4,E1/X1/S-b,E1,X1,S-b,C2,267,-0.2294561324998937,0.5390060055608841,0.2982456140350877,0.44951446778078663
T4,E1/X2/S-a,E1,X2,S-a,C0,246,-0.2575470666302376,0.6010035972432577,0.375,0.3963243066823059
T4,E1/X2/S-a,E1,X2,S-a,C1,246,-0.1167121559604053,0.8051907156919278,0.48214285714285715,0.22234942218222653
T4,E1/X2/S-a,E1,X2,S-a,C2,246,-0.14244286245371568,0.7627301702411333,0.44642857142857145,0.2604449976854314
T4,E1/X2/S-b,E1,X2,S-b,C0,242,-0.21073888101120133,0.6560740346541124,0.32142857142857145,0.36395191757384415
T4,E1/X2/S-b,E1,X2,S-b,C1,242,-0.09022035642078516,0.8428161350652932,0.39285714285714285,0.19015099336345087
T4,E1/X2/S-b,E1,X2,S-b,C2,242,-0.11214106244345254,0.8050504132706129,0.39285714285714285,0.2269210424797482
T4,E1/X3/S-a,E1,X3,S-a,C0,254,-0.3220080351115533,0.47055707834270033,0.2982456140350877,0.4882533680320986
T4,E1/X3/S-a,E1,X3,S-a,C1,254,-0.18758651446266336,0.6652182307916157,0.45614035087719296,0.30977998624836167
T4,E1/X3/S-a,E1,X3,S-a,C2,254,-0.21359902313602877,0.620406361963661,0.42105263157894735,0.35431784968133706
T4,E1/X3/S-b,E1,X3,S-b,C0,248,-0.2294651482247165,0.5891732819357165,0.32142857142857145,0.4084544340029953
T4,E1/X3/S-b,E1,X3,S-b,C1,248,-0.10993299532816356,0.787513213000052,0.35714285714285715,0.23085793229476081
T4,E1/X3/S-b,E1,X3,S-b,C2,248,-0.1340245428705191,0.7423237422843167,0.35714285714285715,0.2741452545138916
T4,E2/X1/S-a,E2,X1,S-a,C0,267,-0.35459914956595656,0.4010384316065056,0.22807017543859648,0.49757222830696024
T4,E2/X1/S-a,E2,X1,S-a,C1,267,-0.22613391012592593,0.5866756726988758,0.3684210526315789,0.31642888961343885
T4,E2/X1/S-a,E2,X1,S-a,C2,267,-0.24338287773618575,0.5550562653381332,0.3333333333333333,0.35709668597681965
T4,E2/X1/S-b,E2,X1,S-b,C0,267,-0.32902580107313906,0.38576312091086606,0.24561403508771928,0.5498030754222151
T4,E2/X1/S-b,E2,X1,S-b,C1,267,-0.22134136719544242,0.5562770461523979,0.3333333333333333,0.3913049374448174
T4,E2/X1/S-b,E2,X1,S-b,C2,267,-0.2334776014304601,0.5318071119048656,0.2982456140350877,0.422840319339038
T4,E2/X2/S-a,E2,X2,S-a,C0,250,-0.2987234718543538,0.5123887229049854,0.375,0.40123055017442444
T4,E2/X2/S-a,E2,X2,S-a,C1,250,-0.16704052482357395,0.7027402387146462,0.42857142857142855,0.24527733370540228
T4,E2/X2/S-a,E2,X2,S-a,C2,250,-0.18823380120831198,0.665542809353699,0.4107142857142857,0.28025854239582526
T4,E2/X2/S-b,E2,X2,S-b,C0,246,-0.24068277546440894,0.5825512894011362,0.3392857142857143,0.3747622196834399
T4,E2/X2/S-b,E2,X2,S-b,C1,246,-0.127929743906034,0.7602705489758619,0.4107142857142857,0.20143866241092034
T4,E2/X2/S-b,E2,X2,S-b,C2,246,-0.14601031855757698,0.7269169658440197,0.4107142857142857,0.24155386687196045
T4,E2/X3/S-a,E2,X3,S-a,C0,257,-0.3415808526818121,0.40753762818146344,0.2982456140350877,0.47607113820233204
T4,E2/X3/S-a,E2,X3,S-a,C1,257,-0.21364209479269108,0.5962750179360342,0.38596491228070173,0.29475270900970973
T4,E2/X3/S-a,E2,X3,S-a,C2,257,-0.23519287149686666,0.5560737357980391,0.3684210526315789,0.3377797562004865
T4,E2/X3/S-b,E2,X3,S-b,C0,256,-0.25314385438359355,0.5129664442533514,0.3508771929824561,0.43434801702620773
T4,E2/X3/S-b,E2,X3,S-b,C1,256,-0.13875122993194056,0.7125065560256749,0.38596491228070173,0.26794443057620587
T4,E2/X3/S-b,E2,X3,S-b,C2,256,-0.15911670312381,0.6706100263457314,0.38596491228070173,0.308057946554501
T4,E3/X1/S-a,E3,X1,S-a,C0,267,-0.38086374230271225,0.37092134741472466,0.24561403508771928,0.5006630526529301
T4,E3/X1/S-a,E3,X1,S-a,C1,267,-0.2534604441955414,0.5460736745897402,0.2982456140350877,0.32261717311131577
T4,E3/X1/S-a,E3,X1,S-a,C2,267,-0.27085132732503037,0.5148538958196124,0.2982456140350877,0.36549274924260233
T4,E3/X1/S-b,E3,X1,S-b,C0,267,-0.3482134283463712,0.3639391650293588,0.22807017543859648,0.5563638222805098
T4,E3/X1/S-b,E3,X1,S-b,C1,267,-0.2413369861513254,0.5269759772757536,0.3157894736842105,0.40718591214983324
T4,E3/X1/S-b,E3,X1,S-b,C2,267,-0.25377600013194807,0.5024695074459578,0.2982456140350877,0.4393155033939431
T4,E3/X2/S-a,E3,X2,S-a,C0,252,-0.3672767199591967,0.3931668414590086,0.2857142857142857,0.46832524361634986
T4,E3/X2/S-a,E3,X2,S-a,C1,252,-0.24283115991162807,0.5624679464612679,0.35714285714285715,0.2948819330583584
T4,E3/X2/S-a,E3,X2,S-a,C2,252,-0.2608884004628898,0.5305491293702003,0.3392857142857143,0.3338571767237045
T4,E3/X2/S-b,E3,X2,S-b,C0,248,-0.3147327914096181,0.4509597029345589,0.30357142857142855,0.48077477636625243
T4,E3/X2/S-b,E3,X2,S-b,C1,248,-0.2073228481936993,0.6090733071079665,0.3392857142857143,0.30058789988874257
T4,E3/X2/S-b,E3,X2,S-b,C2,248,-0.2232637159448342,0.5798384114079913,0.32142857142857145,0.34214398175855565
T4,E3/X3/S-a,E3,X3,S-a,C0,258,-0.37917934228137357,0.33809434955667117,0.22807017543859648,0.5014305084564965
T4,E3/X3/S-a,E3,X3,S-a,C1,258,-0.2547128113742756,0.5143867532999025,0.3333333333333333,0.31985604713008653
T4,E3/X3/S-a,E3,X3,S-a,C2,258,-0.27383693530602315,0.4787361035061581,0.2982456140350877,0.36786355989900166
T4,E3/X3/S-b,E3,X3,S-b,C0,255,-0.30311972237886103,0.42575968931110375,0.2982456140350877,0.48771193493917775
T4,E3/X3/S-b,E3,X3,S-b,C1,255,-0.19323371654787366,0.6047206896406161,0.3333333333333333,0.301874293580353
T4,E3/X3/S-b,E3,X3,S-b,C2,255,-0.21165381888826035,0.5679916345812562,0.3333333333333333,0.3492144693051157
T5,E1/X1/S-a,E1,X1,S-a,C0,576,-0.23557486112268833,0.6663200274408677,0.2982456140350877,0.8396257161783339
T5,E1/X1/S-a,E1,X1,S-a,C1,722,-0.22260513439898075,0.6828498441950293,0.38596491228070173,0.8114411098486088
T5,E1/X1/S-a,E1,X1,S-a,C2,671,-0.20772692660524855,0.7001067499829221,0.3508771929824561,0.8059288432998089
T5,E1/X1/S-b,E1,X1,S-b,C0,529,-0.23544413573978226,0.670226336091172,0.3684210526315789,0.8143518655130768
T5,E1/X1/S-b,E1,X1,S-b,C1,670,-0.16438389798333128,0.7625399761715235,0.43859649122807015,0.7671196915402039
T5,E1/X1/S-b,E1,X1,S-b,C2,670,-0.1795155298508898,0.7406857198595168,0.40350877192982454,0.7948155470875048
T5,E1/X2/S-a,E1,X2,S-a,C0,452,-0.2063298053603329,0.6636476622695451,0.42857142857142855,0.7230211147921165
T5,E1/X2/S-a,E1,X2,S-a,C1,452,-0.11111133834730089,0.810079573824702,0.44642857142857145,0.5400404660870534
T5,E1/X2/S-a,E1,X2,S-a,C2,452,-0.12961130936183562,0.7788778329385647,0.42857142857142855,0.5872685319985875
T5,E1/X2/S-b,E1,X2,S-b,C0,511,-0.2506370247103201,0.609152247507808,0.32142857142857145,0.8190913405176296
T5,E1/X2/S-b,E1,X2,S-b,C1,559,-0.17756572978723204,0.7100085628478325,0.32142857142857145,0.7049105321111462
T5,E1/X2/S-b,E1,X2,S-b,C2,559,-0.19317202352079393,0.6851178107215419,0.32142857142857145,0.7421860803387542
T5,E1/X3/S-a,E1,X3,S-a,C0,557,-0.19214827851341054,0.6526257852923804,0.2807017543859649,0.7438862649836007
T5,E1/X3/S-a,E1,X3,S-a,C1,724,-0.11205474990839269,0.7886629322153346,0.40350877192982454,0.6293612672785602
T5,E1/X3/S-a,E1,X3,S-a,C2,557,-0.1170970869816465,0.7787501088860228,0.40350877192982454,0.5818656735169101
T5,E1/X3/S-b,E1,X3,S-b,C0,419,-0.136928362131033,0.7393171486600776,0.2982456140350877,0.6140687339933255
T5,E1/X3/S-b,E1,X3,S-b,C1,419,-0.07277290511513049,0.858153511174382,0.40350877192982454,0.44236459773687165
T5,E1/X3/S-b,E1,X3,S-b,C2,419,-0.0866600239575069,0.8310941867297228,0.3684210526315789,0.485773556650515
T5,E2/X1/S-a,E2,X1,S-a,C0,585,-0.2336478424153432,0.6528020797939273,0.2631578947368421,0.8124551083260405
T5,E2/X1/S-a,E2,X1,S-a,C1,838,-0.23046788750108196,0.6484567765519624,0.2982456140350877,0.8324380050802487
T5,E2/X1/S-a,E2,X1,S-a,C2,750,-0.23106978593632682,0.6469840697046623,0.3157894736842105,0.8241631036559475
T5,E2/X1/S-b,E2,X1,S-b,C0,421,-0.13873679128151606,0.7876485757696947,0.3508771929824561,0.6250490747414832
T5,E2/X1/S-b,E2,X1,S-b,C1,642,-0.14582021286298286,0.7727625753649878,0.40350877192982454,0.70535582057552
T5,E2/X1/S-b,E2,X1,S-b,C2,571,-0.15335371614341162,0.760457192284928,0.42105263157894735,0.6973062898709341
T5,E2/X2/S-a,E2,X2,S-a,C0,488,-0.21981292345771333,0.6277840542421342,0.3392857142857143,0.7303255729231701
T5,E2/X2/S-a,E2,X2,S-a,C1,488,-0.1256296528443547,0.7758943519527488,0.42857142857142855,0.5367986163642926
T5,E2/X2/S-a,E2,X2,S-a,C2,488,-0.14292453440328465,0.7454811178444223,0.42857142857142855,0.5873124297311043
T5,E2/X2/S-b,E2,X2,S-b,C0,555,-0.25651296594987044,0.5692661909974266,0.26785714285714285,0.8376106546252535
T5,E2/X2/S-b,E2,X2,S-b,C1,620,-0.18864705102690668,0.6630633997214159,0.375,0.7338127785938733
T5,E2/X2/S-b,E2,X2,S-b,C2,620,-0.20257545557571868,0.6387197209943456,0.32142857142857145,0.7682973234230633
T5,E2/X3/S-a,E2,X3,S-a,C0,594,-0.22222660629401278,0.5911011578636226,0.21052631578947367,0.7773996083993655
T5,E2/X3/S-a,E2,X3,S-a,C1,594,-0.1292768132607255,0.7501913490101423,0.3508771929824561,0.5631019776636854
T5,E2/X3/S-a,E2,X3,S-a,C2,594,-0.14739979035148235,0.7154120893117476,0.3157894736842105,0.6254130528703072
T5,E2/X3/S-b,E2,X3,S-b,C0,437,-0.1301412044424628,0.7349270263328587,0.2982456140350877,0.5961677956161864
T5,E2/X3/S-b,E2,X3,S-b,C1,437,-0.06692854728658924,0.8602731676856947,0.43859649122807015,0.41298111146592054
T5,E2/X3/S-b,E2,X3,S-b,C2,437,-0.0802549631953643,0.8324813928151099,0.3684210526315789,0.458157372341091
T5,E3/X1/S-a,E3,X1,S-a,C0,658,-0.2392793534849738,0.5808592002413978,0.22807017543859648,0.7844186404338205
T5,E3/X1/S-a,E3,X1,S-a,C1,758,-0.16971527989413063,0.692776934911618,0.2631578947368421,0.6488775031841062
T5,E3/X1/S-a,E3,X1,S-a,C2,758,-0.1861971500324191,0.6626484151211645,0.24561403508771928,0.7054633654403395
T5,E3/X1/S-b,E3,X1,S-b,C0,475,-0.1511998779542642,0.7282829365479313,0.3157894736842105,0.6823929941266795
T5,E3/X1/S-b,E3,X1,S-b,C1,615,-0.16061970777968662,0.7166546860418022,0.3157894736842105,0.7056033473891642
T5,E3/X1/S-b,E3,X1,S-b,C2,615,-0.17312842158882882,0.6943254535660461,0.2982456140350877,0.7380784426149483
T5,E3/X2/S-a,E3,X2,S-a,C0,628,-0.24360434678833906,0.5191538238933547,0.25,0.7489059306865613
T5,E3/X2/S-a,E3,X2,S-a,C1,628,-0.1537067866083369,0.6768968371071407,0.30357142857142855,0.5228784862997127
T5,E3/X2/S-a,E3,X2,S-a,C2,628,-0.16755173935538348,0.6479827008136602,0.30357142857142855,0.5841328391884308
T5,E3/X2/S-b,E3,X2,S-b,C0,467,-0.16907239298316834,0.6299621006009977,0.21428571428571427,0.681596225627868
T5,E3/X2/S-b,E3,X2,S-b,C1,581,-0.17075140188664936,0.6343601317422078,0.32142857142857145,0.694569156810878
T5,E3/X2/S-b,E3,X2,S-b,C2,581,-0.18068888648060485,0.6136307667869401,0.30357142857142855,0.7238660270714883
T5,E3/X3/S-a,E3,X3,S-a,C0,703,-0.24524943165957458,0.49285090580582486,0.19298245614035087,0.7805073775749725
T5,E3/X3/S-a,E3,X3,S-a,C1,801,-0.18370218940091335,0.6025684295766885,0.24561403508771928,0.6506878435162101
T5,E3/X3/S-a,E3,X3,S-a,C2,801,-0.19849807831974775,0.5709277511944186,0.21052631578947367,0.7067939728695876
T5,E3/X3/S-b,E3,X3,S-b,C0,551,-0.15653315707079274,0.6202492451028918,0.2807017543859649,0.7034100177179307
T5,E3/X3/S-b,E3,X3,S-b,C1,640,-0.1359796644506061,0.6770705528436286,0.2982456140350877,0.64676112575718
T5,E3/X3/S-b,E3,X3,S-b,C2,640,-0.14763557140063527,0.6497427076788732,0.2982456140350877,0.68484654158192
T6,own ladder,E1,X1,S-b,C0,99,-0.0012153598840690951,0.995885153355019,0.5,0.17282556493724255
T6,own ladder,E1,X1,S-b,C1,99,0.017340669848427814,1.0590670139187026,0.5,0.16417175259180639
T6,own ladder,E1,X1,S-b,C2,99,0.014941419837932093,1.0509461991270979,0.5,0.16491812834802033
