rule,won_vs_B1,median_diff_vs_B1,won_vs_B2,median_diff_vs_B2,won_vs_S2,median_diff_vs_S2,median_dd,median_dd_B1,median_dd_B2,median_utilization,max_underwater_days,median_round_trips,verdict_vs_B1
L2 80% S2 + 20% L1,0.6842105263157895,0.6688751839293188,0.9649122807017544,0.8363332331962303,0.05263157894736842,-0.44776866590177455,0.4191025758654927,0.7195983935742978,0.5398595651458102,,,,PASS
L1 g=5% N=5 tp=g,0.17543859649122806,-0.6853090796556343,0.3333333333333333,-0.949004520496981,0.08771929824561403,-1.9651456214451961,0.4517642955685328,0.7195983935742978,0.5398595651458102,0.4677888051763056,1042.75,151.0,FAIL
L1 g=3% N=5 tp=g,0.14035087719298245,-0.6728364209546747,0.3333333333333333,-0.9393240011654198,0.07017543859649122,-2.0888361298060003,0.4698956829260703,0.7195983935742978,0.5398595651458102,0.4766840799177693,1042.5416666666667,264.0,FAIL
L1 g=5% N=10 tp=g,0.14035087719298245,-1.0445388486528666,0.3333333333333333,-0.9679141095339308,0.05263157894736842,-2.2388433295088728,0.38835889101605936,0.7195983935742978,0.5398595651458102,0.39157104927808306,1042.75,204.0,FAIL
L1 g=8% N=5 tp=2g,0.14035087719298245,-1.0021726211296058,0.3157894736842105,-0.8915305091084618,0.05263157894736842,-2.1791571774663954,0.4260252981058311,0.7195983935742978,0.5398595651458102,0.46748423794975974,1043.5833333333333,36.0,FAIL
L1 g=8% N=10 tp=g,0.14035087719298245,-1.059487894304409,0.3157894736842105,-1.0387733372444643,0.05263157894736842,-2.2769384529425207,0.3248615657949554,0.7195983935742978,0.5398595651458102,0.32417637841831204,1042.8333333333333,111.0,FAIL
L1 g=8% N=10 tp=2g,0.14035087719298245,-1.1296136026679704,0.3157894736842105,-1.0033185922966914,0.017543859649122806,-2.340149494720211,0.33714605130632136,0.7195983935742978,0.5398595651458102,0.3354169450736946,1043.5833333333333,53.0,FAIL
L1 g=5% N=10 tp=2g,0.14035087719298245,-1.2141022822624399,0.2807017543859649,-0.9569025258180011,0.0,-2.427428155172877,0.40462017302772324,0.7195983935742978,0.5398595651458102,0.4161695972299241,1061.625,90.0,FAIL
L1 g=8% N=5 tp=g,0.12280701754385964,-0.9580329635142686,0.3157894736842105,-0.9054111082530492,0.05263157894736842,-2.1663578205166405,0.4237776062458326,0.7195983935742978,0.5398595651458102,0.43687868901244603,1042.8333333333333,72.0,FAIL
L1 g=3% N=10 tp=2g,0.10526315789473684,-1.0394842444167856,0.2982456140350877,-1.0073579823991643,0.05263157894736842,-2.291092710210733,0.4319527154096662,0.7195983935742978,0.5398595651458102,0.47601223001517545,1042.7916666666667,200.0,FAIL
L1 g=3% N=10 tp=g,0.10526315789473684,-0.9043277438956228,0.3157894736842105,-0.9856829576323467,0.05263157894736842,-2.1595627087761056,0.422302540451007,0.7195983935742978,0.5398595651458102,0.43712868639528074,1042.5416666666667,432.0,FAIL
L1 g=3% N=5 tp=2g,0.10526315789473684,-0.8205727327662844,0.3157894736842105,-0.9868819035452954,0.07017543859649122,-2.212898302011518,0.48508437196272447,0.7195983935742978,0.5398595651458102,0.48882658498822423,1042.7916666666667,118.0,FAIL
L1 g=5% N=5 tp=2g,0.10526315789473684,-0.9496452759700194,0.2982456140350877,-1.008451433248159,0.05263157894736842,-2.273491822072418,0.4517642955685328,0.7195983935742978,0.5398595651458102,0.48821610648999375,1061.625,66.0,FAIL
