frame,rule,start,multiple,bench_multiple,max_dd,bench_max_dd,btc_per_1k,bench_btc_per_1k
A,S1 20w,2018-01-01 00:00:00+00:00,2.339597369962652,2.107224486980119,0.6924683823983082,0.8118477145881705,0.08088878781683528,0.07285477261948513
A,S1 20w + macro,2018-01-01 00:00:00+00:00,1.0897420394228103,2.107224486980119,0.6083809430595255,0.8118477145881705,0.01195965251799722,0.07285477261948513
A,S1 20w,2018-02-05 00:00:00+00:00,5.017195362983974,4.512105548576499,0.4556654860328855,0.7210838037342595,0.13583240506813482,0.12215791976254753
A,S1 20w + macro,2018-02-05 00:00:00+00:00,1.8918766480998082,4.512105548576499,0.27268006428110103,0.7210838037342595,0.003164243455642621,0.12215791976254753
A,S1 20w,2018-03-05 00:00:00+00:00,7.1193043166484395,4.1978147305716975,0.4556654860328857,0.7195983935742978,0.1471718499851561,0.08677816431423718
A,S1 20w + macro,2018-03-05 00:00:00+00:00,2.15216971993029,4.1978147305716975,0.27268006428110136,0.7195983935742978,0.005520503055289852,0.08677816431423718
A,S1 20w,2018-04-02 00:00:00+00:00,10.453792481960662,8.61240959216167,0.4556654860328847,0.6743998377939983,0.1780264671375191,0.14666800167304042
A,S1 20w + macro,2018-04-02 00:00:00+00:00,2.4026254705305363,8.61240959216167,0.2726800642811007,0.6743998377939983,0.018236293566238973,0.14666800167304042
A,S1 20w,2018-05-07 00:00:00+00:00,10.039567619283767,5.832864070012457,0.4556654860328847,0.6570507207688204,0.1780264671375191,0.10343116586845293
A,S1 20w + macro,2018-05-07 00:00:00+00:00,2.3565510221975847,5.832864070012457,0.2726800642811007,0.6570507207688204,0.01854509759876579,0.10343116586845293
A,S1 20w,2018-06-04 00:00:00+00:00,8.259005621900215,5.083750997150023,0.4556654860328847,0.6334142876781379,0.0,0.12953291204580106
A,S1 20w + macro,2018-06-04 00:00:00+00:00,2.1248648822470817,5.083750997150023,0.2726800642811007,0.6334142876781379,0.0,0.12953291204580106
A,S1 20w,2018-07-02 00:00:00+00:00,8.259005621900215,5.263406339868748,0.4556654860328847,0.6334142876781379,0.0,0.15709461391431312
A,S1 20w + macro,2018-07-02 00:00:00+00:00,2.1248648822470817,5.263406339868748,0.2726800642811007,0.6334142876781379,0.0,0.15709461391431312
A,S1 20w,2018-08-06 00:00:00+00:00,9.668931341396542,5.813031270923455,0.4556654860328856,0.6334142876781381,0.0,0.14225847565035132
A,S1 20w + macro,2018-08-06 00:00:00+00:00,2.4052250755908564,5.813031270923455,0.2726800642811017,0.6334142876781381,0.0,0.14225847565035132
A,S1 20w,2018-09-03 00:00:00+00:00,10.129164006873735,6.739212914335064,0.4556654860328856,0.6334142876781372,0.20568233704621744,0.13684614654593827
A,S1 20w + macro,2018-09-03 00:00:00+00:00,2.4803498973223586,6.739212914335064,0.2726800642811017,0.6334142876781372,0.028800659826483915,0.13684614654593827
A,S1 20w,2018-10-01 00:00:00+00:00,9.013843306947138,6.608434915436162,0.4556654860328856,0.6334142876781382,0.20568233704621744,0.15079453806093365
A,S1 20w + macro,2018-10-01 00:00:00+00:00,2.3552789811111534,6.608434915436162,0.2726800642811017,0.6334142876781382,0.026404193864422776,0.15079453806093365
A,S1 20w,2018-11-05 00:00:00+00:00,12.627869139775889,9.45889871818058,0.4556654860328856,0.633414287678137,0.20568233704621744,0.15406624607082203
A,S1 20w + macro,2018-11-05 00:00:00+00:00,2.714974780109292,9.45889871818058,0.2726800642811017,0.633414287678137,0.025669400541574527,0.15406624607082203
A,S1 20w,2018-12-03 00:00:00+00:00,11.617008328364955,13.56503623111883,0.4556654860328856,0.6334142876781377,0.20568233704621744,0.24017270843480817
A,S1 20w + macro,2018-12-03 00:00:00+00:00,2.6101782126139663,13.56503623111883,0.2726800642811017,0.6334142876781377,0.004657591721470472,0.24017270843480817
A,S1 20w,2019-01-07 00:00:00+00:00,10.152330576178498,10.795918990058642,0.4556654860328856,0.6334142876781372,0.0,0.2505882110327567
A,S1 20w + macro,2019-01-07 00:00:00+00:00,2.577011188788908,10.795918990058642,0.2726800642811017,0.6334142876781372,0.0,0.2505882110327567
A,S1 20w,2019-02-04 00:00:00+00:00,10.152330576178498,10.781509918583154,0.4556654860328856,0.6334142876781377,0.0,0.2889585820226775
A,S1 20w + macro,2019-02-04 00:00:00+00:00,2.577011188788908,10.781509918583154,0.2726800642811017,0.6334142876781377,0.0,0.2889585820226775
A,S1 20w,2019-03-04 00:00:00+00:00,10.152330576178498,11.142268935229541,0.4556654860328856,0.6334142876781381,0.0,0.26245510282257367
A,S1 20w + macro,2019-03-04 00:00:00+00:00,2.577011188788908,11.142268935229541,0.2726800642811017,0.6334142876781381,0.0,0.26245510282257367
A,S1 20w,2019-04-01 00:00:00+00:00,9.592336879314546,11.085167077490706,0.45566548603288626,0.6334142876781375,0.21077269208084465,0.24357469264107245
A,S1 20w + macro,2019-04-01 00:00:00+00:00,2.512932759181901,11.085167077490706,0.27268006428110136,0.6334142876781375,0.018369019403935802,0.24357469264107245
A,S1 20w,2019-05-06 00:00:00+00:00,6.309637295136649,6.326768924256025,0.45566548603288537,0.6334142876781372,0.0,0.17308494834362365
A,S1 20w + macro,2019-05-06 00:00:00+00:00,1.8506985665927118,6.326768924256025,0.2726800642810161,0.6334142876781372,0.0,0.17308494834362365
A,S1 20w,2019-06-03 00:00:00+00:00,4.1744982626102445,3.4872562057943135,0.4556654860328855,0.6334142876781379,0.0,0.11451416021985346
A,S1 20w + macro,2019-06-03 00:00:00+00:00,1.3822234659381465,3.4872562057943135,0.2726800571852964,0.6334142876781379,0.0,0.11451416021985346
A,S1 20w,2019-07-01 00:00:00+00:00,3.3560287669670448,1.8359204864140102,0.431780731158226,0.7190587661047629,0.0,0.09206203757828296
A,S1 20w + macro,2019-07-01 00:00:00+00:00,1.1791153646669121,1.8359204864140102,0.25906036533717614,0.7190587661047629,0.0,0.09206203757828296
A,S1 20w,2019-08-05 00:00:00+00:00,3.3327269137059585,2.068256739566032,0.4060380108133236,0.7190587661047634,0.0,0.09142282491369537
A,S1 20w + macro,2019-08-05 00:00:00+00:00,1.1473158037679014,2.068256739566032,0.23396992604116573,0.7190587661047634,0.0,0.09142282491369537
A,S1 20w,2019-09-02 00:00:00+00:00,3.7462163500864385,2.0688215690356806,0.36768067959647033,0.719058766104763,0.0,0.10276560016191974
A,S1 20w + macro,2019-09-02 00:00:00+00:00,1.2072532130571134,2.0688215690356806,0.19566117270846817,0.719058766104763,0.0,0.10276560016191974
A,S1 20w,2019-10-07 00:00:00+00:00,4.535766682505645,2.5391405442137507,0.3676806795964712,0.726602990292752,0.0,0.12720718013041402
A,S1 20w + macro,2019-10-07 00:00:00+00:00,1.3772797822547007,2.5391405442137507,0.1956611727084686,0.726602990292752,0.0,0.12720718013041402
A,S1 20w,2019-11-04 00:00:00+00:00,4.535766682505645,2.195700899409117,0.3676806795964712,0.7266029902927518,0.0,0.10865600046957648
A,S1 20w + macro,2019-11-04 00:00:00+00:00,1.3772797822547007,2.195700899409117,0.1956611727084686,0.7266029902927518,0.0,0.10865600046957648
A,S1 20w,2019-12-02 00:00:00+00:00,3.538103757415858,2.2951561273237724,0.49989102968013066,0.7662925431645933,0.0,0.13518914456855052
A,S1 20w + macro,2019-12-02 00:00:00+00:00,1.3162015845058659,2.2951561273237724,0.1956611727084686,0.7662925431645933,0.0,0.13518914456855052
A,S1 20w,2020-01-06 00:00:00+00:00,3.538103757415858,2.2859552211469993,0.49989102968013066,0.7662925431645935,0.0,0.1358112875974417
A,S1 20w + macro,2020-01-06 00:00:00+00:00,1.3162015845058659,2.2859552211469993,0.1956611727084686,0.7662925431645935,0.0,0.1358112875974417
A,S1 20w,2020-02-03 00:00:00+00:00,3.7099937252295248,2.515255867180917,0.49989102968013077,0.7662925431645934,0.15794640904312945,0.10708256171546768
A,S1 20w + macro,2020-02-03 00:00:00+00:00,1.3269744415378708,2.515255867180917,0.19566117270846928,0.7662925431645934,0.026203291612557238,0.10708256171546768
A,S1 20w,2020-03-02 00:00:00+00:00,4.082685171859292,2.76792862546858,0.499891029680131,0.7662925431645937,0.17278303590293148,0.11714131532049768
A,S1 20w + macro,2020-03-02 00:00:00+00:00,1.3942827151779467,2.76792862546858,0.1956611727084685,0.7662925431645937,0.01837286092467198,0.11714131532049768
A,S1 20w,2020-04-06 00:00:00+00:00,5.175245301682896,4.156180818844745,0.5055387441494243,0.7662925431645937,0.18371471297606556,0.14753920282047273
A,S1 20w + macro,2020-04-06 00:00:00+00:00,1.433519139703014,4.156180818844745,0.1956611727084685,0.7662925431645937,0.023287699359627462,0.14753920282047273
A,S1 20w,2020-05-04 00:00:00+00:00,5.3325326531973545,3.2610656099772064,0.5055387441494243,0.7662925431645932,0.18371471297606556,0.11234919155607238
A,S1 20w + macro,2020-05-04 00:00:00+00:00,1.4480123411437618,3.2610656099772064,0.1956611727084685,0.7662925431645932,0.031451501879732356,0.11234919155607238
A,S1 20w,2020-06-01 00:00:00+00:00,4.705764842604666,2.8777710133020236,0.5055387441494242,0.7662925431645933,0.172940254079961,0.10576016160402286
A,S1 20w + macro,2020-06-01 00:00:00+00:00,1.3757631800742904,2.8777710133020236,0.19566117270846783,0.7662925431645933,0.026664047968370717,0.10576016160402286
A,S1 20w,2020-07-06 00:00:00+00:00,5.401303802377714,3.360962679887231,0.5055387441494242,0.7662925431645933,0.1770640040825599,0.11017812206951072
A,S1 20w + macro,2020-07-06 00:00:00+00:00,1.4999264148179592,3.360962679887231,0.19566117270846906,0.7662925431645933,0.039350886603794384,0.11017812206951072
A,S1 20w,2020-08-03 00:00:00+00:00,4.23333922594423,2.6341964218783422,0.5055387441494239,0.7662925431645936,0.145046864094963,0.09025544847954009
A,S1 20w + macro,2020-08-03 00:00:00+00:00,1.4144458130247897,2.6341964218783422,0.19566117270846795,0.7662925431645936,0.038136857607454555,0.09025544847954009
A,S1 20w,2020-09-07 00:00:00+00:00,4.097751497570132,2.5098401520114337,0.5055387441494239,0.7662925431645932,0.0,0.09743187203435696
A,S1 20w + macro,2020-09-07 00:00:00+00:00,1.3428704088392271,2.5098401520114337,0.19566117270846883,0.7662925431645932,0.0,0.09743187203435696
A,S1 20w,2020-10-05 00:00:00+00:00,3.9069108968719926,2.602300605649711,0.5055387441494241,0.7662925431645936,0.14064478109823483,0.09368015004551031
A,S1 20w + macro,2020-10-05 00:00:00+00:00,1.3244241583671101,2.602300605649711,0.19566117270846917,0.7662925431645936,0.024489373175957993,0.09368015004551031
A,S1 20w,2020-11-02 00:00:00+00:00,3.5888658592589944,2.5720240931121676,0.5055387441494235,0.7662925431645937,0.10131905626788625,0.07261209084760743
A,S1 20w + macro,2020-11-02 00:00:00+00:00,1.3473429251033664,2.5720240931121676,0.19566117270846783,0.7662925431645937,0.012934979444423903,0.07261209084760743
A,S1 20w,2020-12-07 00:00:00+00:00,3.151991861590574,2.2589306280113557,0.5055387441494246,0.7662925431645937,0.07202463700450255,0.05161772797813286
A,S1 20w + macro,2020-12-07 00:00:00+00:00,1.5164900302804378,2.2589306280113557,0.19566117270846872,0.7662925431645937,0.030599449624127733,0.05161772797813286
A,S1 20w,2021-01-04 00:00:00+00:00,1.8102746732488326,1.297365311867106,0.5055387441494248,0.7662925431645928,0.042251486880776054,0.030280274183779755
A,S1 20w + macro,2021-01-04 00:00:00+00:00,1.2775999027508678,1.297365311867106,0.19566117270846928,0.7662925431645928,0.02589576771300483,0.030280274183779755
A,S1 20w,2021-02-01 00:00:00+00:00,1.7940168026341905,1.2857138217965938,0.505538744149424,0.7662925431645935,0.0421328511656691,0.030195251803583695
A,S1 20w + macro,2021-02-01 00:00:00+00:00,1.2647826016494657,1.2857138217965938,0.19566117270846828,0.7662925431645935,0.025185153285812497,0.030195251803583695
A,S1 20w,2021-03-01 00:00:00+00:00,1.8884829572699313,1.3534146596754861,0.5055387441494246,0.7662925431645938,0.03089240442848996,0.022139587156552797
A,S1 20w + macro,2021-03-01 00:00:00+00:00,1.515897937609833,1.3534146596754861,0.1956611727084685,0.7662925431645938,0.018684776842796857,0.022139587156552797
A,S1 20w,2021-04-05 00:00:00+00:00,1.640709769094459,1.1758436289916832,0.5055387441494237,0.7662925431645933,0.02395623758767014,0.017168660705677366
A,S1 20w + macro,2021-04-05 00:00:00+00:00,1.593523488560396,1.1758436289916832,0.19564501883543273,0.7662925431645933,0.019028356021262,0.017168660705677366
A,S1 20w,2021-05-03 00:00:00+00:00,1.455476908747294,1.0430932286333485,0.5055387441494247,0.766292543164593,0.02464378388146167,0.017661402898367432
A,S1 20w + macro,2021-05-03 00:00:00+00:00,1.4839666259797355,1.0430932286333485,0.18930659735050848,0.766292543164593,0.016444424456738632,0.017661402898367432
A,S1 20w,2021-06-07 00:00:00+00:00,2.129445340822987,1.9763489728305874,0.505538744149424,0.766292543164593,0.03007731092507425,0.027914904136164907
A,S1 20w + macro,2021-06-07 00:00:00+00:00,1.9050882557098667,1.9763489728305874,0.1893065973505088,0.766292543164593,0.023567906291719776,0.027914904136164907
A,S1 20w,2021-07-05 00:00:00+00:00,1.899761234003792,1.6154796119567882,0.505538744149424,0.766292543164593,0.0,0.0283169032215207
A,S1 20w + macro,2021-07-05 00:00:00+00:00,1.7251129407724064,1.6154796119567882,0.1893065973505088,0.766292543164593,0.0,0.0283169032215207
A,S1 20w,2021-08-02 00:00:00+00:00,1.8200447249671374,1.6387603200451515,0.505538744149424,0.7662925431645932,0.027849009517197838,0.02507512651930442
A,S1 20w + macro,2021-08-02 00:00:00+00:00,1.684139835215301,1.6387603200451515,0.1893065973505088,0.7662925431645932,0.014313978627492521,0.02507512651930442
A,S1 20w,2021-09-06 00:00:00+00:00,1.3087296090712477,1.0846460717409323,0.5055387441494243,0.7662925431645938,0.0,0.019306622850497192
A,S1 20w + macro,2021-09-06 00:00:00+00:00,1.3916478789226518,1.0846460717409323,0.23210602512494705,0.7662925431645938,0.0,0.019306622850497192
A,S1 20w,2021-10-04 00:00:00+00:00,1.3418343065090295,1.259484792955199,0.5055387441494243,0.7662925431645938,0.022086822242316916,0.02073133516110144
A,S1 20w + macro,2021-10-04 00:00:00+00:00,1.4035822801236477,1.259484792955199,0.2497374983300097,0.7662925431645938,0.011973105671640127,0.02073133516110144
A,S1 20w,2021-11-01 00:00:00+00:00,1.2207513071845433,1.1458327603645657,0.505538744149424,0.7662925431645932,0.01736685730262292,0.016301038487369558
A,S1 20w + macro,2021-11-01 00:00:00+00:00,1.3530320628753476,1.1458327603645657,0.24973749833001002,0.7662925431645932,0.007119888222047162,0.016301038487369558
A,S1 20w,2021-12-06 00:00:00+00:00,2.092499909800178,1.961137495030978,0.37792981596546327,0.6895818371830498,0.02158426233137252,0.020229251127987697
A,S1 20w + macro,2021-12-06 00:00:00+00:00,1.6735556362580863,1.961137495030978,0.2497374983300098,0.6895818371830498,0.01334861882321759,0.020229251127987697
A,S1 20w,2022-01-03 00:00:00+00:00,2.0933451495130737,2.0494805442215793,0.37792981596546327,0.6673056490171771,0.02158426233137252,0.021131978985793335
A,S1 20w + macro,2022-01-03 00:00:00+00:00,1.6811637867416709,2.0494805442215793,0.2497374983300098,0.6673056490171771,0.010674253262212175,0.021131978985793335
A,S1 20w,2022-02-07 00:00:00+00:00,2.0840544196351583,2.276545727084379,0.37792981596546327,0.6673056490171774,0.02158426233137252,0.023577868082425898
A,S1 20w + macro,2022-02-07 00:00:00+00:00,1.6480744099021762,2.276545727084379,0.2497374983300098,0.6673056490171774,0.009704970238356094,0.023577868082425898
A,S1 20w,2022-03-07 00:00:00+00:00,1.9411135057161368,2.3389542027046946,0.37792981596546327,0.6673056490171774,0.02158426233137252,0.02600806235368449
A,S1 20w + macro,2022-03-07 00:00:00+00:00,1.5996984397675045,2.3389542027046946,0.2497374983300098,0.6673056490171774,0.006788409983709101,0.02600806235368449
A,S1 20w,2022-04-04 00:00:00+00:00,1.7570614106796634,1.7917573194162284,0.37792981596546393,0.6612040100033247,0.0,0.02153215701299193
A,S1 20w + macro,2022-04-04 00:00:00+00:00,1.5415686621743379,1.7917573194162284,0.24973749833000947,0.6612040100033247,0.0,0.02153215701299193
A,S1 20w,2022-05-02 00:00:00+00:00,1.9921627035576102,2.506413631008302,0.37792981596546305,0.6023862433862439,0.020646331865763062,0.025975914279620548
A,S1 20w + macro,2022-05-02 00:00:00+00:00,1.6088444091692182,2.506413631008302,0.2497374983300097,0.6023862433862439,0.003128990508850725,0.025975914279620548
A,S1 20w,2022-06-06 00:00:00+00:00,2.0957818945355453,3.3902178382390113,0.37792981596546305,0.4969802155349643,0.020646331865763062,0.03339830483697563
A,S1 20w + macro,2022-06-06 00:00:00+00:00,1.6312722914493791,3.3902178382390113,0.2497374983300097,0.4969802155349643,0.007087090545774199,0.03339830483697563
A,S1 20w,2022-07-04 00:00:00+00:00,2.2625237353166345,5.6690627847854485,0.37792981596546305,0.35432082803835097,0.020646331865763062,0.05173220938879878
A,S1 20w + macro,2022-07-04 00:00:00+00:00,1.6849877160927678,5.6690627847854485,0.2497374983300097,0.35432082803835097,0.008998182678055976,0.05173220938879878
A,S1 20w,2022-08-01 00:00:00+00:00,2.3901036138147442,4.965467652821884,0.37792981596546305,0.3543208280383513,0.020646331865763062,0.04289299109725473
A,S1 20w + macro,2022-08-01 00:00:00+00:00,1.7249418647272345,4.965467652821884,0.2497374983300097,0.3543208280383513,0.0099857303981943,0.04289299109725473
A,S1 20w,2022-09-05 00:00:00+00:00,2.286186289804667,5.532311219678445,0.37792981596546305,0.29534411455035725,0.020646331865763062,0.0499617786772419
A,S1 20w + macro,2022-09-05 00:00:00+00:00,1.647578386580963,5.532311219678445,0.2497374983300097,0.29534411455035725,0.009772089066616469,0.0499617786772419
B,S2 aggressive,2018-01-01 00:00:00+00:00,4.7888879216929086,3.912369299350851,0.6279960921111702,0.8390533199920384,0.16474427903324848,0.1352655008846003
B,S2 aggressive + macro,2018-01-01 00:00:00+00:00,4.654090888376934,3.912369299350851,0.6293219780120822,0.8390533199920384,0.1585206483723081,0.1352655008846003
B,S2 aggressive,2018-02-05 00:00:00+00:00,5.710456083117198,4.94123991945979,0.6275821488764917,0.7270611899679305,0.12655506170496908,0.13377603495984178
B,S2 aggressive + macro,2018-02-05 00:00:00+00:00,5.533211913258043,4.94123991945979,0.6290039882858391,0.7270611899679305,0.1215763788488101,0.13377603495984178
B,S2 aggressive,2018-03-05 00:00:00+00:00,6.822216811376158,6.360151885155848,0.6271861451408542,0.7354295299634921,0.10874156081443696,0.13147848125217135
B,S2 aggressive + macro,2018-03-05 00:00:00+00:00,6.59661740634905,6.360151885155848,0.6287032237267557,0.7354295299634921,0.10437299086446171,0.13147848125217135
B,S2 aggressive,2018-04-02 00:00:00+00:00,7.561763520780454,7.585941417445365,0.6267231675776426,0.67970952895604,0.09313803941326629,0.12918740761215966
B,S2 aggressive + macro,2018-04-02 00:00:00+00:00,7.292543667791388,7.585941417445365,0.6283432294318014,0.67970952895604,0.0892097552551552,0.12918740761215966
B,S2 aggressive,2018-05-07 00:00:00+00:00,6.887353030626846,7.091749675770278,0.6260937192555152,0.6660643397197561,0.07890261482218439,0.12575433409861314
B,S2 aggressive + macro,2018-05-07 00:00:00+00:00,6.608652597532088,7.091749675770278,0.627823413199344,0.6660643397197561,0.07511563857344893,0.12575433409861314
B,S2 aggressive,2018-06-04 00:00:00+00:00,5.301893786136075,4.841368992792518,0.6255236618841595,0.6329564554653577,0.07521505240669066,0.12335706927350029
B,S2 aggressive + macro,2018-06-04 00:00:00+00:00,5.087158396347841,4.841368992792518,0.6273689613111675,0.6329564554653577,0.07141015710690846,0.12335706927350029
B,S2 aggressive,2018-07-02 00:00:00+00:00,4.649391645209575,4.029598537435054,0.6248296098797241,0.6329266508629525,0.07147017583573514,0.12026968574951906
B,S2 aggressive + macro,2018-07-02 00:00:00+00:00,4.472667185357378,4.029598537435054,0.6268536678689709,0.6329266508629525,0.06793005629262595,0.12026968574951906
B,S2 aggressive,2018-08-06 00:00:00+00:00,4.9110442293022025,4.764129200001059,0.6239201025149148,0.6328851829335851,0.06757974171929902,0.11658938791255002
B,S2 aggressive + macro,2018-08-06 00:00:00+00:00,4.758686675015173,4.764129200001059,0.6262629578008927,0.6328851829335851,0.06476089237425438,0.11658938791255002
B,S2 aggressive,2018-09-03 00:00:00+00:00,5.302737408803423,5.578780630629298,0.6232751942804875,0.6328447882983861,0.06515486394848305,0.11328246212592977
B,S2 aggressive + macro,2018-09-03 00:00:00+00:00,5.146760614447583,5.578780630629298,0.625818170880269,0.6328447882983861,0.06259922918758849,0.11328246212592977
B,S2 aggressive,2018-10-01 00:00:00+00:00,4.787873600456435,4.8210082551603355,0.6225364619429112,0.6327984124783322,0.06273300657234997,0.11000815202503499
B,S2 aggressive + macro,2018-10-01 00:00:00+00:00,4.664692463002157,4.8210082551603355,0.6253156118641714,0.6327984124783322,0.06042694013581693,0.11000815202503499
B,S2 aggressive,2018-11-05 00:00:00+00:00,5.662634443206894,6.48917234702396,0.6215642403666453,0.6327275993184533,0.05392586763439843,0.10569543594868638
B,S2 aggressive + macro,2018-11-05 00:00:00+00:00,5.479763005622748,6.48917234702396,0.6245247151328412,0.6327275993184533,0.05165393845772716,0.10569543594868638
B,S2 aggressive,2018-12-03 00:00:00+00:00,5.2328552663030425,5.730728997294045,0.6204582454537184,0.6326439689341319,0.046364732080256287,0.1014641377387963
B,S2 aggressive + macro,2018-12-03 00:00:00+00:00,5.055018875516231,5.730728997294045,0.6236625418892425,0.6326439689341319,0.04427012584255639,0.1014641377387963
B,S2 aggressive,2019-01-07 00:00:00+00:00,4.256796228990005,4.0294424290355995,0.6177511177987214,0.6324255652606472,0.04242043067271462,0.09352893168995813
B,S2 aggressive + macro,2019-01-07 00:00:00+00:00,4.107151707277903,4.0294424290355995,0.6215715463261793,0.6324255652606472,0.040303300045105774,0.09352893168995813
B,S2 aggressive,2019-02-04 00:00:00+00:00,3.740133680210896,3.2518896956788232,0.6145077540577111,0.6321385476573673,0.03970742345553506,0.08715490153544227
B,S2 aggressive + macro,2019-02-04 00:00:00+00:00,3.602789395646151,3.2518896956788232,0.6190416573239939,0.6321385476573673,0.0374333692832239,0.08715490153544227
B,S2 aggressive,2019-03-04 00:00:00+00:00,3.658723727708308,3.429662877552895,0.6095309478848376,0.6316452602003544,0.036992788637039975,0.08078538836276664
B,S2 aggressive + macro,2019-03-04 00:00:00+00:00,3.509105418994409,3.429662877552895,0.6151072823247064,0.6316452602003544,0.0344954100538752,0.08078538836276664
B,S2 aggressive,2019-04-01 00:00:00+00:00,3.5011122688581033,3.409619810222478,0.6016597050411094,0.6307378811539884,0.034512934640398764,0.07491967342415984
B,S2 aggressive + macro,2019-04-01 00:00:00+00:00,3.342643087378354,3.409619810222478,0.6087560859606198,0.6307378811539884,0.031805961504472166,0.07491967342415984
B,S2 aggressive,2019-05-06 00:00:00+00:00,2.9514480149570708,2.5317651491293076,0.5851910271674218,0.6283740521906801,0.032211804315668564,0.06926291212805163
B,S2 aggressive + macro,2019-05-06 00:00:00+00:00,2.817967946520881,2.5317651491293076,0.5949728006787667,0.6283740521906801,0.029288037651294747,0.06926291212805163
B,S2 aggressive,2019-06-03 00:00:00+00:00,2.6424227111564274,2.026413771702295,0.562074763362299,0.6243181055228122,0.032595258387506945,0.06654316678506793
B,S2 aggressive + macro,2019-06-03 00:00:00+00:00,2.5270332438524927,2.026413771702295,0.5746321757616699,0.6243181055228122,0.02887459735278595,0.06654316678506793
B,S2 aggressive,2019-07-01 00:00:00+00:00,2.2090452023221934,1.2912376271891006,0.536216536041351,0.7192883556684222,0.0343254399200967,0.06474897351843656
B,S2 aggressive + macro,2019-07-01 00:00:00+00:00,2.1354510495275663,1.2912376271891006,0.5358435060426936,0.7192883556684222,0.02938144031894452,0.06474897351843656
B,S2 aggressive,2019-08-05 00:00:00+00:00,2.200683380654489,1.4299278738862946,0.5362619930992816,0.7192999517969674,0.03693137252203135,0.06320687521654064
B,S2 aggressive + macro,2019-08-05 00:00:00+00:00,2.118211364648088,1.4299278738862946,0.535827624416674,0.7192999517969674,0.030817540195280053,0.06320687521654064
B,S2 aggressive,2019-09-02 00:00:00+00:00,2.028782627573549,1.2478624691056974,0.5551780545635472,0.7193098852651596,0.03901182707556732,0.06198569150502236
B,S2 aggressive + macro,2019-09-02 00:00:00+00:00,1.9737794620068947,1.2478624691056974,0.554076924795214,0.7193098852651596,0.03239931685606207,0.06198569150502236
B,S2 aggressive,2019-10-07 00:00:00+00:00,1.9426969221012302,1.2033141840202932,0.5363847968074216,0.7267666864431358,0.042257860327756205,0.06028425819475466
B,S2 aggressive + macro,2019-10-07 00:00:00+00:00,1.8883104694558142,1.2033141840202932,0.535797371008131,0.7267666864431358,0.03392514108600629,0.06028425819475466
B,S2 aggressive,2019-11-04 00:00:00+00:00,1.8778156821661323,1.1832593830011915,0.5364929258294786,0.7267766786735161,0.04468751647199022,0.058554529038817235
B,S2 aggressive + macro,2019-11-04 00:00:00+00:00,1.820533193332224,1.1832593830011915,0.5357824505466542,0.7267766786735161,0.034790159286384154,0.058554529038817235
B,S2 aggressive,2019-12-02 00:00:00+00:00,1.6580137073742258,0.9670314237522964,0.5366829326619571,0.7664568161995917,0.04763814743871621,0.05696002524256092
B,S2 aggressive + macro,2019-12-02 00:00:00+00:00,1.6333316894386538,0.9670314237522964,0.5357811213143998,0.7664568161995917,0.03676245033464024,0.05696002524256092
B,S2 aggressive,2020-01-06 00:00:00+00:00,1.54303618945027,0.9178995012769503,0.5374320023122882,0.7664732983840368,0.05123336427676078,0.054533488670404646
B,S2 aggressive + macro,2020-01-06 00:00:00+00:00,1.5199648679215372,0.9178995012769503,0.5359879255642968,0.7664732983840368,0.039376057564681245,0.054533488670404646
B,S2 aggressive,2020-02-03 00:00:00+00:00,1.8087919952004128,1.2365862597524393,0.5461219535724544,0.766487418497577,0.05341913211620799,0.052645468878222655
B,S2 aggressive + macro,2020-02-03 00:00:00+00:00,1.7055260641914791,1.2365862597524393,0.5438253259483707,0.766487418497577,0.041246748190443445,0.052645468878222655
B,S2 aggressive,2020-03-02 00:00:00+00:00,1.751131284993563,1.2087605286289582,0.485400580241628,0.766500980817423,0.05548595346930207,0.05115587046870677
B,S2 aggressive + macro,2020-03-02 00:00:00+00:00,1.6461498048161138,1.2087605286289582,0.45252034987784173,0.766500980817423,0.04293942538135371,0.05115587046870677
B,S2 aggressive,2020-04-06 00:00:00+00:00,1.860126821758749,1.3382920883052445,0.45564106420437145,0.7665326046121054,0.05690351225160999,0.04750768950047389
B,S2 aggressive + macro,2020-04-06 00:00:00+00:00,1.6954840801616515,1.3382920883052445,0.4063847755734902,0.7665326046121054,0.043670590884844845,0.04750768950047389
B,S2 aggressive,2020-05-04 00:00:00+00:00,1.7979331951332151,1.3006076993104956,0.45670459733834956,0.7665625778791374,0.057839321613889175,0.044808121339870506
B,S2 aggressive + macro,2020-05-04 00:00:00+00:00,1.6219550251006063,1.3006076993104956,0.40055194665262517,0.7665625778791374,0.044746896176482705,0.044808121339870506
B,S2 aggressive,2020-06-01 00:00:00+00:00,1.6117397468862642,1.1673359177716232,0.4577745108454552,0.7665921923698401,0.05923259887823068,0.04290043743544729
B,S2 aggressive + macro,2020-06-01 00:00:00+00:00,1.467736795532052,1.1673359177716232,0.3959526652662132,0.7665921923698401,0.046409405751161315,0.04290043743544729
B,S2 aggressive,2020-07-06 00:00:00+00:00,1.7023516788706345,1.2399676968871338,0.45937636904480794,0.7666375518992682,0.055806008261340904,0.0406482681546659
B,S2 aggressive + macro,2020-07-06 00:00:00+00:00,1.5426068109875142,1.2399676968871338,0.3885197725202377,0.7666375518992682,0.04927025760363614,0.0406482681546659
B,S2 aggressive,2020-08-03 00:00:00+00:00,1.5448683733459183,1.1318586140895321,0.46002042906705054,0.7666853072498858,0.05293181128033323,0.038780861587093686
B,S2 aggressive + macro,2020-08-03 00:00:00+00:00,1.4056731639598143,1.1318586140895321,0.3790704387034114,0.7666853072498858,0.04816256706414526,0.038780861587093686
B,S2 aggressive,2020-09-07 00:00:00+00:00,1.284826993614533,0.9583947781266561,0.4588956666975357,0.7667493210250146,0.0498769210970725,0.03720483844598518
B,S2 aggressive + macro,2020-09-07 00:00:00+00:00,1.1905987977534,0.9583947781266561,0.3707147502994752,0.7667493210250146,0.046218987139082186,0.03720483844598518
B,S2 aggressive,2020-10-05 00:00:00+00:00,1.2994623663691482,0.9931061530660201,0.4559626880836928,0.7668260105321039,0.04677931104333838,0.0357508018975066
B,S2 aggressive + macro,2020-10-05 00:00:00+00:00,1.2432261833727767,0.9931061530660201,0.36352478166004676,0.7668260105321039,0.04475486619263614,0.0357508018975066
B,S2 aggressive,2020-11-02 00:00:00+00:00,1.5381845455992724,1.2189025469322163,0.45101801899863836,0.7669231975790296,0.043425252611181214,0.03441144377661253
B,S2 aggressive + macro,2020-11-02 00:00:00+00:00,1.537946146897558,1.2189025469322163,0.35375325228014076,0.7669231975790296,0.04341852225891383,0.03441144377661253
B,S2 aggressive,2020-12-07 00:00:00+00:00,1.7812938519711734,1.457132002502075,0.44335271421047306,0.7670476181684451,0.040703481709446404,0.033296216537467754
B,S2 aggressive + macro,2020-12-07 00:00:00+00:00,1.8498065583289371,1.457132002502075,0.3443048759010642,0.7670476181684451,0.04226903232705615,0.033296216537467754
B,S2 aggressive,2021-01-04 00:00:00+00:00,1.7086368562680831,1.4018847289084202,0.4474959378008023,0.7671498759268901,0.03987927842301426,0.032719738671222444
B,S2 aggressive + macro,2021-01-04 00:00:00+00:00,1.7864661337457959,1.4018847289084202,0.3530579196025597,0.7671498759268901,0.04169579982989462,0.032719738671222444
B,S2 aggressive,2021-02-01 00:00:00+00:00,1.6677710074968861,1.3875534210485585,0.46168263513518404,0.767230371824227,0.039167942872167356,0.03258697560001311
B,S2 aggressive + macro,2021-02-01 00:00:00+00:00,1.7550362160291169,1.3875534210485585,0.3705116314017398,0.767230371824227,0.041217384124685695,0.03258697560001311
B,S2 aggressive,2021-03-01 00:00:00+00:00,2.3450837241109017,1.9876783033351324,0.47801408768230036,0.7673090958947169,0.038361624893154034,0.03251507342652011
B,S2 aggressive + macro,2021-03-01 00:00:00+00:00,2.4829278916690067,1.9876783033351324,0.3898126160995047,0.7673090958947169,0.04061652359685722,0.03251507342652011
B,S2 aggressive,2021-04-05 00:00:00+00:00,2.551185557674902,2.218069481684371,0.49896798619010185,0.767403951497395,0.03725022456812962,0.032386349182596946
B,S2 aggressive + macro,2021-04-05 00:00:00+00:00,2.7156379826955357,2.218069481684371,0.4170343680164461,0.767403951497395,0.039651417905228595,0.032386349182596946
B,S2 aggressive,2021-05-03 00:00:00+00:00,2.1470659382171293,1.9085663889328095,0.5189890216632773,0.7674911260905753,0.03635360248086041,0.032315385650991575
B,S2 aggressive + macro,2021-05-03 00:00:00+00:00,2.2755628446388396,1.9085663889328095,0.44180131211891105,0.7674911260905753,0.03852928110019249,0.032315385650991575
B,S2 aggressive,2021-06-07 00:00:00+00:00,2.510647829932194,2.2712505238608616,0.5351666003248896,0.7676651855711207,0.0354615983592465,0.032080235583083476
B,S2 aggressive + macro,2021-06-07 00:00:00+00:00,2.6328519738027274,2.2712505238608616,0.4692996806048265,0.7676651855711207,0.03718766850580683,0.032080235583083476
B,S2 aggressive,2021-07-05 00:00:00+00:00,1.9850952493400813,1.8122538997240034,0.5418711417261619,0.76790488222152,0.034795703792866665,0.03176605752959558
B,S2 aggressive + macro,2021-07-05 00:00:00+00:00,2.0621304361988133,1.8122538997240034,0.4823867813253233,0.76790488222152,0.03614601357999435,0.03176605752959558
B,S2 aggressive,2021-08-02 00:00:00+00:00,2.2283135014524174,2.053750051889861,0.5357096333820225,0.7683089959779512,0.03409604338726857,0.03142499959283088
B,S2 aggressive + macro,2021-08-02 00:00:00+00:00,2.3074281437514546,2.053750051889861,0.47253741972418895,0.7683089959779512,0.03530659848853146,0.03142499959283088
B,S2 aggressive,2021-09-06 00:00:00+00:00,1.8665035068496605,1.7562789258210731,0.5587501622157351,0.7690432830975802,0.033223629527405846,0.03126163983305577
B,S2 aggressive + macro,2021-09-06 00:00:00+00:00,1.9305658651616464,1.7562789258210731,0.48172331986635053,0.7690432830975802,0.03436393494413753,0.03126163983305577
B,S2 aggressive,2021-10-04 00:00:00+00:00,1.975545554713506,1.891775516356161,0.5854125139278432,0.7704397847600764,0.032517817801271845,0.031138948638771195
B,S2 aggressive + macro,2021-10-04 00:00:00+00:00,2.0446139995836354,1.891775516356161,0.49632758370728947,0.7704397847600764,0.03365469621986633,0.031138948638771195
B,S2 aggressive,2021-11-01 00:00:00+00:00,2.239432389512006,2.184024904233092,0.6147774609510451,0.7754563111796938,0.03185898922952988,0.03107074195535299
B,S2 aggressive + macro,2021-11-01 00:00:00+00:00,2.314710447046186,2.184024904233092,0.520535399603417,0.7754563111796938,0.03289495600206125,0.03107074195535299
B,S2 aggressive,2021-12-06 00:00:00+00:00,3.0254119028118054,2.9978056765115904,0.6426162398136226,0.711120818854758,0.03120730560843026,0.03092254572497585
B,S2 aggressive + macro,2021-12-06 00:00:00+00:00,3.1005155668343134,2.9978056765115904,0.5582745629163168,0.711120818854758,0.031982004416643776,0.03092254572497585
B,S2 aggressive,2022-01-03 00:00:00+00:00,2.97887866364412,2.973891891317086,0.6661016891432636,0.6729397883650303,0.030714905539766805,0.03066348745320876
B,S2 aggressive + macro,2022-01-03 00:00:00+00:00,3.0205241359215504,2.973891891317086,0.6005048984605417,0.6729397883650303,0.031144307637533168,0.03066348745320876
B,S2 aggressive,2022-02-07 00:00:00+00:00,2.9166630232767754,2.9166630232767754,0.6751289724036319,0.6751289724036319,0.030207474062813072,0.030207474062813072
B,S2 aggressive + macro,2022-02-07 00:00:00+00:00,2.938403648324567,2.9166630232767754,0.6173924659436851,0.6751289724036319,0.030432638698562692,0.030207474062813072
B,S2 aggressive,2022-03-07 00:00:00+00:00,2.6833115862947907,2.6833115862947907,0.6789221588951309,0.6789221588951309,0.02983715327560436,0.02983715327560436
B,S2 aggressive + macro,2022-03-07 00:00:00+00:00,2.6949153618710593,2.6833115862947907,0.6268189827836288,0.6789221588951309,0.02995617711858652,0.02983715327560436
B,S2 aggressive,2022-04-04 00:00:00+00:00,2.4564464456744117,2.4564464456744117,0.6954600308923975,0.6954600308923975,0.029519952277633384,0.029519952277633384
B,S2 aggressive + macro,2022-04-04 00:00:00+00:00,2.461298978426272,2.4564464456744117,0.6558808147016337,0.6954600308923975,0.02950852065618183,0.029519952277633384
B,S2 aggressive,2022-05-02 00:00:00+00:00,2.818455164172219,2.818455164172219,0.6773825114419513,0.6773825114419513,0.02920984343515523,0.02920984343515523
B,S2 aggressive + macro,2022-05-02 00:00:00+00:00,2.8167425326106095,2.818455164172219,0.6069182351907288,0.6773825114419513,0.029020485898951575,0.02920984343515523
B,S2 aggressive,2022-06-06 00:00:00+00:00,2.896573785039767,2.896573785039767,0.597246129717202,0.597246129717202,0.02853523250464657,0.02853523250464657
B,S2 aggressive + macro,2022-06-06 00:00:00+00:00,2.8914885390181606,2.896573785039767,0.597246129717202,0.597246129717202,0.02827749816622969,0.02853523250464657
B,S2 aggressive,2022-07-04 00:00:00+00:00,3.0369629600582644,3.0369629600582644,0.35093840114733,0.35093840114733,0.02771336457542977,0.02771336457542977
B,S2 aggressive + macro,2022-07-04 00:00:00+00:00,3.0296930091203915,3.0369629600582644,0.35093840114733,0.35093840114733,0.027444148306115038,0.02771336457542977
B,S2 aggressive,2022-08-01 00:00:00+00:00,3.0920770128877244,3.0920770128877244,0.34908322276382886,0.34908322276382886,0.026710159255683836,0.026710159255683836
B,S2 aggressive + macro,2022-08-01 00:00:00+00:00,3.0830909952290524,3.0920770128877244,0.34908322276382886,0.34908322276382886,0.026459260559123347,0.026710159255683836
B,S2 aggressive,2022-09-05 00:00:00+00:00,2.8299881179232997,2.8299881179232997,0.28768294810839234,0.28768294810839234,0.02555735467375358,0.02555735467375358
B,S2 aggressive + macro,2022-09-05 00:00:00+00:00,2.822141361912877,2.8299881179232997,0.28768294810839234,0.28768294810839234,0.02533801342976007,0.02555735467375358
